PART 1
PART 2

9.01689e+06 8.44884e+06 7.5211e+06 6.71918e+06 6.07181e+06 5.50487e+06 4.88688e+06 
8.59594e+06 8.99056e+06 8.44948e+06 7.53191e+06 6.70265e+06 6.02658e+06 5.45429e+06 
8.3548e+06 8.60199e+06 8.9989e+06 8.46815e+06 7.52206e+06 6.65773e+06 5.97832e+06 
8.38246e+06 8.36852e+06 8.6184e+06 9.01454e+06 8.46137e+06 7.47006e+06 6.6039e+06 
8.43404e+06 8.36813e+06 8.3631e+06 8.61158e+06 9.00262e+06 8.41094e+06 7.41576e+06 
8.32517e+06 8.38149e+06 8.32599e+06 8.32048e+06 8.56133e+06 8.95299e+06 8.35747e+06 
8.05888e+06 8.27957e+06 8.33866e+06 8.27851e+06 8.26183e+06 8.50163e+06 8.89456e+06 

9.03653e+06 8.4628e+06 7.5118e+06 6.72706e+06 6.09737e+06 5.53224e+06 4.91774e+06 
8.601e+06 8.99694e+06 8.43099e+06 7.52964e+06 6.72344e+06 6.04943e+06 5.48062e+06 
8.34483e+06 8.58959e+06 8.98038e+06 8.46208e+06 7.54594e+06 6.68441e+06 6.00634e+06 
8.38643e+06 8.36813e+06 8.614e+06 9.01321e+06 8.48846e+06 7.50037e+06 6.6346e+06 
8.46577e+06 8.39362e+06 8.3823e+06 8.63599e+06 9.02996e+06 8.439e+06 7.44581e+06 
8.35592e+06 8.40906e+06 8.34876e+06 8.34885e+06 8.59267e+06 8.9817e+06 8.38917e+06 
8.07929e+06 8.29988e+06 8.35901e+06 8.30842e+06 8.29875e+06 8.53734e+06 8.93212e+06 

9.06938e+06 8.50537e+06 7.54233e+06 6.73558e+06 6.11678e+06 5.5712e+06 4.95983e+06 
8.63012e+06 9.02218e+06 8.45466e+06 7.52667e+06 6.73112e+06 6.07664e+06 5.51219e+06 
8.35876e+06 8.60397e+06 8.99684e+06 8.45271e+06 7.54442e+06 6.70785e+06 6.03453e+06 
8.37968e+06 8.3638e+06 8.60815e+06 9.00254e+06 8.48247e+06 7.52604e+06 6.66655e+06 
8.46888e+06 8.39881e+06 8.38297e+06 8.63259e+06 9.0287e+06 8.46723e+06 7.48145e+06 
8.39156e+06 8.4446e+06 8.37777e+06 8.37137e+06 8.61985e+06 9.01137e+06 8.42336e+06 
8.11671e+06 8.33768e+06 8.3933e+06 8.33819e+06 8.33356e+06 8.57515e+06 8.96772e+06 

8.80245e+06 8.25127e+06 7.34741e+06 6.56597e+06 5.93402e+06 5.38041e+06 4.77863e+06 
8.40378e+06 8.78892e+06 8.2616e+06 7.36738e+06 6.55801e+06 5.89785e+06 5.34104e+06 
8.17793e+06 8.41891e+06 8.80586e+06 8.2889e+06 7.36537e+06 6.52192e+06 5.86079e+06 
8.21289e+06 8.1987e+06 8.44218e+06 8.82871e+06 8.28983e+06 7.3225e+06 6.47887e+06 
8.26791e+06 8.20306e+06 8.19718e+06 8.44002e+06 8.82394e+06 8.2472e+06 7.2784e+06 
8.16794e+06 8.22276e+06 8.16776e+06 8.16105e+06 8.39751e+06 8.78303e+06 8.2046e+06 
7.91857e+06 8.13473e+06 8.1926e+06 8.13156e+06 8.11395e+06 8.34998e+06 8.736e+06 

8.81245e+06 8.25119e+06 7.32978e+06 6.5676e+06 5.9532e+06 5.39936e+06 4.8005e+06 
8.39391e+06 8.77994e+06 8.23216e+06 7.35652e+06 6.5703e+06 5.91053e+06 5.35593e+06 
8.15616e+06 8.3948e+06 8.77519e+06 8.27276e+06 7.38024e+06 6.53661e+06 5.87492e+06 
8.20633e+06 8.18799e+06 8.42748e+06 8.8176e+06 8.30723e+06 7.33868e+06 6.49459e+06 
8.28801e+06 8.21698e+06 8.20589e+06 8.45385e+06 8.8386e+06 8.25923e+06 7.29174e+06 
8.18072e+06 8.23261e+06 8.17353e+06 8.17246e+06 8.41064e+06 8.79299e+06 8.21646e+06 
7.91707e+06 8.13256e+06 8.18995e+06 8.1395e+06 8.12921e+06 8.36356e+06 8.7507e+06 

8.83983e+06 8.28649e+06 7.3491e+06 6.56834e+06 5.96745e+06 5.43447e+06 4.83664e+06 
8.41059e+06 8.79289e+06 8.23969e+06 7.34167e+06 6.56889e+06 5.92956e+06 5.37738e+06 
8.15207e+06 8.39101e+06 8.77316e+06 8.24798e+06 7.36646e+06 6.54899e+06 5.89046e+06 
8.18282e+06 8.16758e+06 8.40568e+06 8.79032e+06 8.287e+06 7.35254e+06 6.51182e+06 
8.27526e+06 8.20707e+06 8.19198e+06 8.43573e+06 8.82268e+06 8.27392e+06 7.30945e+06 
8.20007e+06 8.25222e+06 8.18692e+06 8.1806e+06 8.42306e+06 8.80549e+06 8.23031e+06 
7.93269e+06 8.14856e+06 8.20281e+06 8.14856e+06 8.14313e+06 8.3791e+06 8.76349e+06 

8.96076e+06 8.37678e+06 7.44541e+06 6.65605e+06 6.0272e+06 5.47585e+06 4.86122e+06 
8.51678e+06 8.9031e+06 8.35808e+06 7.45543e+06 6.64704e+06 5.98632e+06 5.41862e+06 
8.26634e+06 8.50864e+06 8.90163e+06 8.37907e+06 7.4554e+06 6.61109e+06 5.93697e+06 
8.29444e+06 8.28019e+06 8.52692e+06 8.9186e+06 8.38192e+06 7.41616e+06 6.55617e+06 
8.35517e+06 8.28775e+06 8.27853e+06 8.52479e+06 8.91445e+06 8.34323e+06 7.35508e+06 
8.25464e+06 8.30856e+06 8.24947e+06 8.24418e+06 8.48638e+06 8.87481e+06 8.28223e+06 
7.98304e+06 8.20144e+06 8.25888e+06 8.20153e+06 8.18941e+06 8.42721e+06 8.8156e+06 

8.98698e+06 8.40469e+06 7.4325e+06 6.65765e+06 6.05159e+06 5.50862e+06 4.88741e+06 
8.5265e+06 8.91268e+06 8.3314e+06 7.44508e+06 6.6609e+06 6.00632e+06 5.43535e+06 
8.247e+06 8.48735e+06 8.87752e+06 8.36403e+06 7.46781e+06 6.63337e+06 5.95598e+06 
8.28627e+06 8.27339e+06 8.51704e+06 8.90654e+06 8.39528e+06 7.44459e+06 6.57869e+06 
8.37529e+06 8.3051e+06 8.28883e+06 8.53602e+06 8.93048e+06 8.37216e+06 7.37547e+06 
8.28334e+06 8.33407e+06 8.2683e+06 8.26496e+06 8.51214e+06 8.89819e+06 8.29884e+06 
7.992e+06 8.20993e+06 8.26611e+06 8.21394e+06 8.20795e+06 8.44473e+06 8.83433e+06 

9.02312e+06 8.43985e+06 7.46589e+06 6.65833e+06 6.05512e+06 5.53142e+06 4.92674e+06 
8.55622e+06 8.94208e+06 8.36766e+06 7.43821e+06 6.66134e+06 6.03036e+06 5.47058e+06 
8.26373e+06 8.50563e+06 8.89622e+06 8.34687e+06 7.45826e+06 6.64845e+06 5.98009e+06 
8.27463e+06 8.25952e+06 8.50223e+06 8.89096e+06 8.38085e+06 7.4573e+06 6.60495e+06 
8.36303e+06 8.29634e+06 8.28149e+06 8.52608e+06 8.91761e+06 8.384e+06 7.40688e+06 
8.30023e+06 8.35523e+06 8.28675e+06 8.27616e+06 8.52362e+06 8.91378e+06 8.3312e+06 
8.02442e+06 8.24421e+06 8.29691e+06 8.23802e+06 8.23361e+06 8.47524e+06 8.86238e+06 

9.01453e+06 8.41445e+06 7.46292e+06 6.65933e+06 6.0246e+06 5.47582e+06 4.85669e+06 
8.54681e+06 8.93255e+06 8.37385e+06 7.45483e+06 6.64e+06 5.98131e+06 5.40872e+06 
8.27411e+06 8.51589e+06 8.91059e+06 8.37572e+06 7.44328e+06 6.60093e+06 5.92084e+06 
8.28392e+06 8.27044e+06 8.51826e+06 8.91044e+06 8.364e+06 7.40145e+06 6.53437e+06 
8.33329e+06 8.26763e+06 8.26054e+06 8.50597e+06 8.89324e+06 8.32447e+06 7.3281e+06 
8.22502e+06 8.28048e+06 8.22343e+06 8.22084e+06 8.46175e+06 8.84862e+06 8.25013e+06 
7.93636e+06 8.15556e+06 8.21433e+06 8.15991e+06 8.1485e+06 8.38521e+06 8.77432e+06 

9.0694e+06 8.47316e+06 7.48122e+06 6.67283e+06 6.05904e+06 5.52524e+06 4.90666e+06 
8.58239e+06 8.96865e+06 8.37869e+06 7.45074e+06 6.6602e+06 6.01581e+06 5.44468e+06 
8.27896e+06 8.51997e+06 8.9138e+06 8.36774e+06 7.46262e+06 6.63842e+06 5.95906e+06 
8.28624e+06 8.27165e+06 8.51691e+06 8.90811e+06 8.38563e+06 7.44746e+06 6.5791e+06 
8.36219e+06 8.29442e+06 8.28148e+06 8.52814e+06 8.92082e+06 8.373e+06 7.37527e+06 
8.27523e+06 8.32945e+06 8.26559e+06 8.26269e+06 8.50926e+06 8.89527e+06 8.29606e+06 
7.97472e+06 8.19489e+06 8.25195e+06 8.1991e+06 8.19499e+06 8.43217e+06 8.82061e+06 

9.11337e+06 8.52346e+06 7.52124e+06 6.68966e+06 6.07096e+06 5.55393e+06 4.95295e+06 
8.62786e+06 9.01375e+06 8.41898e+06 7.46178e+06 6.66884e+06 6.04458e+06 5.4883e+06 
8.30686e+06 8.54699e+06 8.93959e+06 8.37224e+06 7.46154e+06 6.66082e+06 5.99559e+06 
8.29376e+06 8.27583e+06 8.51998e+06 8.91228e+06 8.3827e+06 7.4713e+06 6.62002e+06 
8.36823e+06 8.30069e+06 8.28456e+06 8.53048e+06 8.92396e+06 8.39821e+06 7.42306e+06 
8.30864e+06 8.36374e+06 8.29527e+06 8.28806e+06 8.53684e+06 8.92458e+06 8.34461e+06 
8.02293e+06 8.24431e+06 8.2992e+06 8.24281e+06 8.24189e+06 8.48242e+06 8.86922e+06 

8.93101e+06 8.34155e+06 7.40505e+06 6.60973e+06 5.97494e+06 5.41962e+06 4.80698e+06 
8.48235e+06 8.86869e+06 8.31827e+06 7.40874e+06 6.59376e+06 5.9296e+06 5.36391e+06 
8.22334e+06 8.46502e+06 8.85682e+06 8.32746e+06 7.39604e+06 6.54829e+06 5.87709e+06 
8.23587e+06 8.22297e+06 8.4682e+06 8.85741e+06 8.31295e+06 7.342e+06 6.48677e+06 
8.27836e+06 8.21258e+06 8.20476e+06 8.44866e+06 8.83528e+06 8.25838e+06 7.2757e+06 
8.16382e+06 8.21776e+06 8.1608e+06 8.15474e+06 8.39428e+06 8.78156e+06 8.19111e+06 
7.89002e+06 8.10658e+06 8.16384e+06 8.10566e+06 8.09198e+06 8.32852e+06 8.71397e+06 

8.95936e+06 8.37034e+06 7.3963e+06 6.61642e+06 6.001e+06 5.44985e+06 4.83044e+06 
8.49446e+06 8.88161e+06 8.29603e+06 7.40335e+06 6.60977e+06 5.94808e+06 5.37812e+06 
8.21273e+06 8.45262e+06 8.83994e+06 8.32166e+06 7.4158e+06 6.57268e+06 5.89657e+06 
8.23831e+06 8.22658e+06 8.46833e+06 8.85782e+06 8.33759e+06 7.37492e+06 6.51163e+06 
8.30768e+06 8.23877e+06 8.2239e+06 8.4702e+06 8.86183e+06 8.29111e+06 7.29711e+06 
8.19606e+06 8.24706e+06 8.183e+06 8.18027e+06 8.42409e+06 8.80739e+06 8.20963e+06 
7.89845e+06 8.11458e+06 8.17046e+06 8.11939e+06 8.11132e+06 8.34638e+06 8.73553e+06 

9.00482e+06 8.41623e+06 7.43806e+06 6.62657e+06 6.01593e+06 5.48332e+06 4.87552e+06 
8.53033e+06 8.91684e+06 8.3369e+06 7.40287e+06 6.61761e+06 5.97731e+06 5.415e+06 
8.2338e+06 8.4754e+06 8.86404e+06 8.31014e+06 7.41232e+06 6.59253e+06 5.92248e+06 
8.23405e+06 8.22136e+06 8.46234e+06 8.84973e+06 8.33257e+06 7.39719e+06 6.54245e+06 
8.30566e+06 8.24118e+06 8.22726e+06 8.4709e+06 8.86239e+06 8.31642e+06 7.33539e+06 
8.2226e+06 8.27796e+06 8.21075e+06 8.20137e+06 8.44706e+06 8.83426e+06 8.24735e+06 
7.93531e+06 8.1538e+06 8.20681e+06 8.14892e+06 8.14356e+06 8.38276e+06 8.76836e+06 

9.11421e+06 8.51524e+06 7.55991e+06 6.744e+06 6.0927e+06 5.52557e+06 4.90098e+06 
8.657e+06 9.0534e+06 8.49298e+06 7.55964e+06 6.72443e+06 6.0468e+06 5.46899e+06 
8.39081e+06 8.63889e+06 9.04033e+06 8.49713e+06 7.54288e+06 6.67682e+06 5.99122e+06 
8.40025e+06 8.38688e+06 8.63868e+06 9.03664e+06 8.4764e+06 7.48401e+06 6.61052e+06 
8.43736e+06 8.37098e+06 8.36562e+06 8.61453e+06 9.00549e+06 8.41413e+06 7.40998e+06 
8.31218e+06 8.36812e+06 8.31285e+06 8.30929e+06 8.55076e+06 8.94275e+06 8.34058e+06 
8.02714e+06 8.24816e+06 8.30792e+06 8.25104e+06 8.2352e+06 8.4749e+06 8.86956e+06 

9.16225e+06 8.5545e+06 7.56865e+06 6.75639e+06 6.12311e+06 5.56623e+06 4.94177e+06 
8.678e+06 9.07321e+06 8.48706e+06 7.55495e+06 6.7418e+06 6.0739e+06 5.49655e+06 
8.38922e+06 8.63496e+06 9.03279e+06 8.48801e+06 7.55969e+06 6.7059e+06 6.019e+06 
8.40051e+06 8.38527e+06 8.63384e+06 9.03157e+06 8.49433e+06 7.51827e+06 6.64203e+06 
8.45909e+06 8.39034e+06 8.3802e+06 8.63093e+06 9.02637e+06 8.44933e+06 7.4434e+06 
8.34584e+06 8.40094e+06 8.34044e+06 8.33753e+06 8.58392e+06 8.97636e+06 8.37258e+06 
8.04654e+06 8.26871e+06 8.32742e+06 8.2733e+06 8.26537e+06 8.50572e+06 8.89952e+06 

9.20617e+06 8.60869e+06 7.59533e+06 6.76745e+06 6.14103e+06 5.60197e+06 4.98395e+06 
8.71409e+06 9.10775e+06 8.50275e+06 7.55118e+06 6.74622e+06 6.0969e+06 5.52615e+06 
8.39977e+06 8.64437e+06 9.0415e+06 8.48002e+06 7.55781e+06 6.72733e+06 6.04669e+06 
8.3956e+06 8.38027e+06 8.62707e+06 9.02371e+06 8.49009e+06 7.54323e+06 6.67393e+06 
8.46401e+06 8.39522e+06 8.37962e+06 8.62909e+06 9.02636e+06 8.4738e+06 7.47627e+06 
8.3769e+06 8.43125e+06 8.36404e+06 8.35915e+06 8.60922e+06 9.00003e+06 8.40334e+06 
8.07311e+06 8.29552e+06 8.35172e+06 8.2986e+06 8.29689e+06 8.53806e+06 8.93117e+06 

8.74085e+06 8.15598e+06 7.22841e+06 6.44839e+06 5.82524e+06 5.27709e+06 4.68882e+06 
8.28729e+06 8.67299e+06 8.12113e+06 7.22586e+06 6.42907e+06 5.77724e+06 5.23252e+06 
8.0276e+06 8.26618e+06 8.64613e+06 8.12434e+06 7.21643e+06 6.3837e+06 5.73564e+06 
8.04277e+06 8.02869e+06 8.26644e+06 8.64749e+06 8.11789e+06 7.16088e+06 6.33551e+06 
8.08986e+06 8.02523e+06 8.01827e+06 8.25763e+06 8.63201e+06 8.05819e+06 7.11082e+06 
7.97999e+06 8.03276e+06 7.97816e+06 7.97382e+06 8.20448e+06 8.57904e+06 8.01349e+06 
7.72874e+06 7.93954e+06 7.99565e+06 7.94145e+06 7.92759e+06 8.1573e+06 8.53483e+06 

8.78121e+06 8.19233e+06 7.24377e+06 6.46506e+06 5.84918e+06 5.30704e+06 4.7155e+06 
8.31032e+06 8.69453e+06 8.12515e+06 7.23123e+06 6.44239e+06 5.79579e+06 5.2487e+06 
8.03626e+06 8.2732e+06 8.65124e+06 8.1299e+06 7.23037e+06 6.40449e+06 5.75324e+06 
8.05409e+06 8.04082e+06 8.2771e+06 8.65897e+06 8.13718e+06 7.1901e+06 6.36014e+06 
8.1137e+06 8.04836e+06 8.03716e+06 8.2773e+06 8.65589e+06 8.09124e+06 7.13812e+06 
8.01497e+06 8.06705e+06 8.00674e+06 8.00166e+06 8.23631e+06 8.61039e+06 8.04043e+06 
7.75536e+06 7.96646e+06 8.02044e+06 7.9677e+06 7.95895e+06 8.18905e+06 8.56673e+06 

8.83372e+06 8.25368e+06 7.2893e+06 6.49115e+06 5.88114e+06 5.35544e+06 4.76106e+06 
8.35485e+06 8.736e+06 8.16189e+06 7.24526e+06 6.46183e+06 5.83093e+06 5.28081e+06 
8.06214e+06 8.29936e+06 8.68226e+06 8.14099e+06 7.24431e+06 6.4366e+06 5.78182e+06 
8.06433e+06 8.05197e+06 8.29026e+06 8.67172e+06 8.1499e+06 7.22723e+06 6.39241e+06 
8.12983e+06 8.06659e+06 8.0545e+06 8.29308e+06 8.67454e+06 8.13331e+06 7.1744e+06 
8.05529e+06 8.10915e+06 8.04484e+06 8.03587e+06 8.27452e+06 8.65011e+06 8.07515e+06 
7.7889e+06 8.00158e+06 8.05326e+06 7.99665e+06 7.99184e+06 8.22354e+06 8.59837e+06 

8.88829e+06 8.29006e+06 7.34054e+06 6.5516e+06 5.92538e+06 5.37644e+06 4.77702e+06 
8.41897e+06 8.8078e+06 8.24217e+06 7.33717e+06 6.53532e+06 5.88039e+06 5.32565e+06 
8.1454e+06 8.38603e+06 8.77222e+06 8.24573e+06 7.33117e+06 6.49395e+06 5.83372e+06 
8.1589e+06 8.14372e+06 8.38565e+06 8.77297e+06 8.24032e+06 7.27998e+06 6.43848e+06 
8.21033e+06 8.14342e+06 8.13512e+06 8.37861e+06 8.75869e+06 8.18588e+06 7.2198e+06 
8.09966e+06 8.15264e+06 8.09634e+06 8.09401e+06 8.32932e+06 8.70851e+06 8.13155e+06 
7.83313e+06 8.04754e+06 8.10497e+06 8.05284e+06 8.04088e+06 8.27357e+06 8.65729e+06 

8.92171e+06 8.32601e+06 7.35021e+06 6.55552e+06 5.94035e+06 5.40043e+06 4.79822e+06 
8.43348e+06 8.82176e+06 8.23604e+06 7.32322e+06 6.53305e+06 5.88617e+06 5.33001e+06 
8.13914e+06 8.37928e+06 8.76364e+06 8.22705e+06 7.32422e+06 6.49842e+06 5.8371e+06 
8.14733e+06 8.13517e+06 8.37436e+06 8.75848e+06 8.23676e+06 7.29281e+06 6.44855e+06 
8.21016e+06 8.14557e+06 8.13299e+06 8.37502e+06 8.76099e+06 8.20248e+06 7.23216e+06 
8.11778e+06 8.1711e+06 8.10809e+06 8.10232e+06 8.34254e+06 8.72108e+06 8.13968e+06 
7.8415e+06 8.05629e+06 8.11076e+06 8.05643e+06 8.04999e+06 8.28311e+06 8.66415e+06 

8.96861e+06 8.37637e+06 7.38838e+06 6.5682e+06 5.95243e+06 5.43369e+06 4.83172e+06 
8.47903e+06 8.86102e+06 8.27554e+06 7.33427e+06 6.54262e+06 5.91692e+06 5.35974e+06 
8.16236e+06 8.40117e+06 8.79215e+06 8.2328e+06 7.32344e+06 6.52131e+06 5.85797e+06 
8.14903e+06 8.13627e+06 8.37923e+06 8.76335e+06 8.2303e+06 7.31641e+06 6.47051e+06 
8.20844e+06 8.14597e+06 8.1348e+06 8.37394e+06 8.75821e+06 8.22858e+06 7.25756e+06 
8.13984e+06 8.19556e+06 8.13141e+06 8.12209e+06 8.36413e+06 8.74626e+06 8.16408e+06 
7.86459e+06 8.08106e+06 8.13424e+06 8.07595e+06 8.07091e+06 8.30658e+06 8.68521e+06 

9.05401e+06 8.45278e+06 7.46558e+06 6.65797e+06 6.04036e+06 5.5061e+06 4.89034e+06 
8.56602e+06 8.9515e+06 8.3645e+06 7.43802e+06 6.64354e+06 5.9993e+06 5.43054e+06 
8.26586e+06 8.50613e+06 8.8991e+06 8.35495e+06 7.44507e+06 6.621e+06 5.94427e+06 
8.27251e+06 8.2577e+06 8.50281e+06 8.89367e+06 8.36635e+06 7.42757e+06 6.56294e+06 
8.34352e+06 8.27607e+06 8.26376e+06 8.5097e+06 8.90064e+06 8.3517e+06 7.35863e+06 
8.25538e+06 8.30964e+06 8.2467e+06 8.24362e+06 8.48889e+06 8.87469e+06 8.27879e+06 
7.95987e+06 8.17947e+06 8.2366e+06 8.18353e+06 8.17844e+06 8.41538e+06 8.80332e+06 

9.10137e+06 8.50844e+06 7.50095e+06 6.67711e+06 6.06288e+06 5.5417e+06 4.93685e+06 
8.6104e+06 8.9982e+06 8.39696e+06 7.449e+06 6.66e+06 6.03081e+06 5.47182e+06 
8.28722e+06 8.52813e+06 8.91962e+06 8.35762e+06 7.45215e+06 6.64645e+06 5.97924e+06 
8.27996e+06 8.2644e+06 8.50746e+06 8.89708e+06 8.37298e+06 7.456e+06 6.60243e+06 
8.35646e+06 8.29006e+06 8.27414e+06 8.51905e+06 8.91252e+06 8.38199e+06 7.40303e+06 
8.29211e+06 8.34699e+06 8.27895e+06 8.27168e+06 8.51999e+06 8.90701e+06 8.32338e+06 
8.00422e+06 8.225e+06 8.27992e+06 8.22347e+06 8.22167e+06 8.46152e+06 8.8484e+06 

9.13297e+06 8.54877e+06 7.5509e+06 6.70264e+06 6.07694e+06 5.56076e+06 4.97174e+06 
8.66091e+06 9.05315e+06 8.46374e+06 7.48573e+06 6.68482e+06 6.06366e+06 5.51912e+06 
8.33036e+06 8.57465e+06 8.96791e+06 8.38335e+06 7.46192e+06 6.6661e+06 6.01444e+06 
8.30235e+06 8.28554e+06 8.52862e+06 8.91723e+06 8.37925e+06 7.47164e+06 6.63733e+06 
8.36724e+06 8.30217e+06 8.28564e+06 8.52868e+06 8.92207e+06 8.39972e+06 7.44461e+06 
8.31686e+06 8.37232e+06 8.30399e+06 8.29089e+06 8.53922e+06 8.9304e+06 8.36705e+06 
8.05488e+06 8.27678e+06 8.33115e+06 8.26689e+06 8.2617e+06 8.50625e+06 8.89255e+06 

8.7028e+06 8.1418e+06 7.233e+06 6.43997e+06 5.79596e+06 5.2472e+06 4.65942e+06 
8.28303e+06 8.66664e+06 8.13241e+06 7.22612e+06 6.4037e+06 5.7516e+06 5.20762e+06 
8.03667e+06 8.27555e+06 8.65615e+06 8.12691e+06 7.18505e+06 6.35322e+06 5.70823e+06 
8.03772e+06 8.02897e+06 8.26784e+06 8.64378e+06 8.08336e+06 7.12757e+06 6.30655e+06 
8.0551e+06 7.99855e+06 7.99577e+06 8.22873e+06 8.60294e+06 8.03137e+06 7.08816e+06 
7.95496e+06 8.01146e+06 7.95923e+06 7.94709e+06 8.1765e+06 8.55545e+06 7.99194e+06 
7.71565e+06 7.92721e+06 7.98266e+06 7.91649e+06 7.89666e+06 8.12932e+06 8.50536e+06 

8.73249e+06 8.1518e+06 7.23806e+06 6.45713e+06 5.81961e+06 5.26828e+06 4.67748e+06 
8.2924e+06 8.67438e+06 8.13361e+06 7.24037e+06 6.42672e+06 5.77127e+06 5.22434e+06 
8.04629e+06 8.28298e+06 8.66252e+06 8.1455e+06 7.21626e+06 6.37963e+06 5.72955e+06 
8.0612e+06 8.04828e+06 8.28716e+06 8.66882e+06 8.12071e+06 7.15924e+06 6.33148e+06 
8.09355e+06 8.03086e+06 8.02535e+06 8.26357e+06 8.63874e+06 8.06177e+06 7.1117e+06 
7.98288e+06 8.03684e+06 7.98342e+06 7.97772e+06 8.20838e+06 8.5854e+06 8.01741e+06 
7.73394e+06 7.9454e+06 8.00198e+06 7.94491e+06 7.92942e+06 8.16019e+06 8.53836e+06 

8.77617e+06 8.19245e+06 7.25648e+06 6.4781e+06 5.85781e+06 5.30606e+06 4.71259e+06 
8.31873e+06 8.70468e+06 8.14528e+06 7.25115e+06 6.45748e+06 5.8011e+06 5.25206e+06 
8.05726e+06 8.29573e+06 8.67437e+06 8.15341e+06 7.25005e+06 6.41221e+06 5.75856e+06 
8.07596e+06 8.06237e+06 8.29895e+06 8.68217e+06 8.15888e+06 7.19636e+06 6.3641e+06 
8.13205e+06 8.06609e+06 8.05613e+06 8.29762e+06 8.67585e+06 8.09831e+06 7.14296e+06 
8.02126e+06 8.07329e+06 8.01507e+06 8.01145e+06 8.24504e+06 8.62034e+06 8.04891e+06 
7.76111e+06 7.9724e+06 8.02751e+06 7.97612e+06 7.96599e+06 8.19622e+06 8.57557e+06 

8.17814e+06 7.68856e+06 6.87307e+06 6.15933e+06 5.57642e+06 5.06113e+06 4.49899e+06 
7.84609e+06 8.20375e+06 7.73421e+06 6.9182e+06 6.17055e+06 5.55586e+06 5.03533e+06 
7.67183e+06 7.89712e+06 8.25717e+06 7.79026e+06 6.93822e+06 6.15179e+06 5.53329e+06 
7.73476e+06 7.72117e+06 7.94898e+06 8.31011e+06 7.81669e+06 6.91484e+06 6.12554e+06 
7.81152e+06 7.75066e+06 7.74498e+06 7.97258e+06 8.33323e+06 7.7981e+06 6.89218e+06 
7.74003e+06 7.79199e+06 7.73909e+06 7.7307e+06 7.95329e+06 8.31793e+06 7.77924e+06 
7.52389e+06 7.72758e+06 7.78128e+06 7.72123e+06 7.70278e+06 7.92647e+06 8.29218e+06 

8.15101e+06 7.65028e+06 6.82359e+06 6.13414e+06 5.56962e+06 5.05773e+06 4.50444e+06 
7.80077e+06 8.15771e+06 7.67128e+06 6.8796e+06 6.15754e+06 5.54819e+06 5.0345e+06 
7.61794e+06 7.83934e+06 8.1908e+06 7.74386e+06 6.926e+06 6.14448e+06 5.52994e+06 
7.69951e+06 7.67995e+06 7.90334e+06 8.26757e+06 7.80307e+06 6.90495e+06 6.12133e+06 
7.79936e+06 7.73163e+06 7.72212e+06 7.9542e+06 8.31218e+06 7.7778e+06 6.88126e+06 
7.72163e+06 7.77076e+06 7.71584e+06 7.71329e+06 7.93549e+06 8.29619e+06 7.76559e+06 
7.50042e+06 7.70296e+06 7.75666e+06 7.7069e+06 7.69491e+06 7.91664e+06 8.2826e+06 

8.13076e+06 7.64962e+06 6.80645e+06 6.10268e+06 5.5583e+06 5.06841e+06 4.51729e+06 
7.77942e+06 8.13224e+06 7.63904e+06 6.82969e+06 6.12782e+06 5.53963e+06 5.03094e+06 
7.57572e+06 7.79723e+06 8.14995e+06 7.68151e+06 6.88222e+06 6.12942e+06 5.5222e+06 
7.63915e+06 7.62316e+06 7.84381e+06 8.19994e+06 7.74944e+06 6.8891e+06 6.11292e+06 
7.75557e+06 7.68972e+06 7.67444e+06 7.90163e+06 8.26135e+06 7.75881e+06 6.86878e+06 
7.70671e+06 7.7541e+06 7.6926e+06 7.68612e+06 7.91213e+06 8.26959e+06 7.74205e+06 
7.48182e+06 7.68306e+06 7.73386e+06 7.68209e+06 7.67512e+06 7.89622e+06 8.25813e+06 

9.12833e+06 8.52728e+06 7.56462e+06 6.75146e+06 6.10811e+06 5.54416e+06 4.91313e+06 
8.65909e+06 9.05176e+06 8.48613e+06 7.5559e+06 6.72908e+06 6.05312e+06 5.46994e+06 
8.38614e+06 8.6324e+06 9.03318e+06 8.4909e+06 7.54613e+06 6.68252e+06 5.99081e+06 
8.39668e+06 8.38393e+06 8.63484e+06 9.0335e+06 8.48222e+06 7.49476e+06 6.61318e+06 
8.44687e+06 8.37977e+06 8.37164e+06 8.62157e+06 9.01696e+06 8.43099e+06 7.41715e+06 
8.32854e+06 8.38401e+06 8.3246e+06 8.32057e+06 8.56587e+06 8.95814e+06 8.34696e+06 
8.0295e+06 8.25069e+06 8.30874e+06 8.25257e+06 8.24154e+06 8.48102e+06 8.8733e+06 

9.17026e+06 8.56995e+06 7.56584e+06 6.76055e+06 6.13992e+06 5.58836e+06 4.94962e+06 
8.68604e+06 9.07774e+06 8.47808e+06 7.55673e+06 6.75338e+06 6.08699e+06 5.49996e+06 
8.38411e+06 8.62877e+06 9.02894e+06 8.48926e+06 7.56959e+06 6.72047e+06 6.02544e+06 
8.40427e+06 8.39314e+06 8.64195e+06 9.03758e+06 8.50944e+06 7.54383e+06 6.65504e+06 
8.48544e+06 8.4163e+06 8.40132e+06 8.65155e+06 9.05293e+06 8.48586e+06 7.46155e+06 
8.38429e+06 8.43702e+06 8.37104e+06 8.36867e+06 8.61982e+06 9.01073e+06 8.39198e+06 
8.06957e+06 8.29124e+06 8.34878e+06 8.29604e+06 8.28996e+06 8.52909e+06 8.92372e+06 

9.20961e+06 8.61033e+06 7.60609e+06 6.77009e+06 6.14572e+06 5.6094e+06 4.9931e+06 
8.7254e+06 9.11926e+06 8.52468e+06 7.56202e+06 6.76013e+06 6.11453e+06 5.5438e+06 
8.41562e+06 8.66174e+06 9.05963e+06 8.48782e+06 7.56971e+06 6.74199e+06 6.06094e+06 
8.4117e+06 8.39699e+06 8.64387e+06 9.03979e+06 8.50874e+06 7.56485e+06 6.69559e+06 
8.49027e+06 8.42406e+06 8.41021e+06 8.65873e+06 9.0572e+06 8.50903e+06 7.51226e+06 
8.41705e+06 8.47398e+06 8.4058e+06 8.39645e+06 8.6472e+06 9.04272e+06 8.44801e+06 
8.1268e+06 8.35066e+06 8.4054e+06 8.34596e+06 8.3409e+06 8.5856e+06 8.9794e+06 

8.80566e+06 8.2594e+06 7.35249e+06 6.53146e+06 5.8646e+06 5.2968e+06 4.69796e+06 
8.40259e+06 8.7931e+06 8.26585e+06 7.32778e+06 6.47612e+06 5.80323e+06 5.25011e+06 
8.15955e+06 8.40475e+06 8.79232e+06 8.23948e+06 7.26317e+06 6.40732e+06 5.75326e+06 
8.13963e+06 8.13528e+06 8.37689e+06 8.75732e+06 8.17324e+06 7.18873e+06 6.35704e+06 
8.13455e+06 8.08045e+06 8.07684e+06 8.31138e+06 8.69256e+06 8.09953e+06 7.14229e+06 
8.01839e+06 8.07562e+06 8.02101e+06 8.0058e+06 8.23818e+06 8.62118e+06 8.04729e+06 
7.76672e+06 7.97951e+06 8.03365e+06 7.96479e+06 7.94399e+06 8.17917e+06 8.55797e+06 

8.83175e+06 8.25889e+06 7.34699e+06 6.55477e+06 5.89903e+06 5.33266e+06 4.72048e+06 
8.40219e+06 8.78842e+06 8.2548e+06 7.35307e+06 6.51313e+06 5.83879e+06 5.27282e+06 
8.15734e+06 8.39912e+06 8.78852e+06 8.26672e+06 7.30527e+06 6.44596e+06 5.77694e+06 
8.16593e+06 8.15886e+06 8.40426e+06 8.78834e+06 8.2165e+06 7.23015e+06 6.37967e+06 
8.1749e+06 8.11731e+06 8.11578e+06 8.35385e+06 8.73509e+06 8.14291e+06 7.16425e+06 
8.05027e+06 8.10737e+06 8.05543e+06 8.04619e+06 8.27969e+06 8.66386e+06 8.07323e+06 
7.78428e+06 7.99858e+06 8.0553e+06 7.99218e+06 7.97319e+06 8.20702e+06 8.58671e+06 

8.87091e+06 8.27833e+06 7.34635e+06 6.56122e+06 5.92391e+06 5.36565e+06 4.7575e+06 
8.41607e+06 8.80261e+06 8.25072e+06 7.35212e+06 6.53766e+06 5.87248e+06 5.30821e+06 
8.15693e+06 8.3968e+06 8.78292e+06 8.26383e+06 7.33558e+06 6.48472e+06 5.81416e+06 
8.1739e+06 8.1603e+06 8.40398e+06 8.79289e+06 8.24856e+06 7.27227e+06 6.41851e+06 
8.21124e+06 8.14746e+06 8.14389e+06 8.38747e+06 8.76862e+06 8.18359e+06 7.20328e+06 
8.0879e+06 8.14403e+06 8.09095e+06 8.0882e+06 8.32266e+06 8.70476e+06 8.11655e+06 
7.81398e+06 8.02982e+06 8.08809e+06 8.0329e+06 8.01792e+06 8.25132e+06 8.6351e+06 

9.2114e+06 8.6076e+06 7.59184e+06 6.76335e+06 6.13461e+06 5.59581e+06 4.97945e+06 
8.71459e+06 9.10902e+06 8.50146e+06 7.5495e+06 6.74203e+06 6.09338e+06 5.52381e+06 
8.40062e+06 8.64517e+06 9.04276e+06 8.48163e+06 7.55646e+06 6.72632e+06 6.04731e+06 
8.39975e+06 8.38403e+06 8.63143e+06 9.02918e+06 8.49291e+06 7.54638e+06 6.67859e+06 
8.46882e+06 8.39996e+06 8.38436e+06 8.63415e+06 9.03225e+06 8.47969e+06 7.4836e+06 
8.38618e+06 8.44066e+06 8.37272e+06 8.36678e+06 8.61692e+06 9.00765e+06 8.41251e+06 
8.09045e+06 8.31265e+06 8.36817e+06 8.31333e+06 8.31026e+06 8.55158e+06 8.9446e+06 

9.24707e+06 8.65183e+06 7.63166e+06 6.7775e+06 6.14381e+06 5.61692e+06 5.0166e+06 
8.76016e+06 9.15699e+06 8.54982e+06 7.56428e+06 6.75492e+06 6.12198e+06 5.56478e+06 
8.42778e+06 8.67372e+06 9.06938e+06 8.48203e+06 7.55337e+06 6.74058e+06 6.07278e+06 
8.4026e+06 8.38544e+06 8.63105e+06 9.02709e+06 8.48506e+06 7.55706e+06 6.70402e+06 
8.46395e+06 8.39867e+06 8.38387e+06 8.63122e+06 9.02802e+06 8.49147e+06 7.51568e+06 
8.39997e+06 8.45786e+06 8.38894e+06 8.37749e+06 8.62768e+06 9.02282e+06 8.4459e+06 
8.12122e+06 8.34584e+06 8.40024e+06 8.3388e+06 8.33511e+06 8.58159e+06 8.97416e+06 

9.26778e+06 8.6865e+06 7.67905e+06 6.8114e+06 6.15728e+06 5.62854e+06 5.04618e+06 
8.80032e+06 9.20492e+06 8.60702e+06 7.60589e+06 6.77465e+06 6.14313e+06 5.60275e+06 
8.46532e+06 8.71467e+06 9.11e+06 8.51516e+06 7.55924e+06 6.74933e+06 6.10044e+06 
8.42771e+06 8.40907e+06 8.65506e+06 9.05129e+06 8.48752e+06 7.56e+06 6.72908e+06 
8.46546e+06 8.4012e+06 8.38595e+06 8.63251e+06 9.02927e+06 8.49068e+06 7.54109e+06 
8.4055e+06 8.46328e+06 8.3957e+06 8.38082e+06 8.62949e+06 9.02456e+06 8.47004e+06 
8.15079e+06 8.37598e+06 8.43117e+06 8.36391e+06 8.35658e+06 8.60535e+06 8.99705e+06 

8.07267e+06 7.57258e+06 6.75023e+06 6.03948e+06 5.46036e+06 4.94688e+06 4.38856e+06 
7.72736e+06 8.07946e+06 7.60054e+06 6.78801e+06 6.04531e+06 5.43337e+06 4.91667e+06 
7.5419e+06 7.76282e+06 8.1184e+06 7.65086e+06 6.80491e+06 6.02232e+06 5.40929e+06 
7.59454e+06 7.582e+06 7.80605e+06 8.16445e+06 7.67271e+06 6.77498e+06 5.99333e+06 
7.66733e+06 7.6061e+06 7.59927e+06 7.82426e+06 8.18039e+06 7.64505e+06 6.7467e+06 
7.59007e+06 7.63993e+06 7.58593e+06 7.5778e+06 7.79702e+06 8.15481e+06 7.61834e+06 
7.37797e+06 7.57657e+06 7.62767e+06 7.56974e+06 7.55118e+06 7.77012e+06 8.12952e+06 

8.10552e+06 7.61002e+06 6.75789e+06 6.06298e+06 5.50525e+06 4.99439e+06 4.43699e+06 
7.75545e+06 8.11167e+06 7.60313e+06 6.80399e+06 6.08913e+06 5.48024e+06 4.96334e+06 
7.55523e+06 7.77541e+06 8.12527e+06 7.66762e+06 6.85832e+06 6.07808e+06 5.46208e+06 
7.62768e+06 7.61138e+06 7.83199e+06 8.19426e+06 7.73636e+06 6.84195e+06 6.05473e+06 
7.73477e+06 7.66868e+06 7.65715e+06 7.88797e+06 8.24843e+06 7.71466e+06 6.81082e+06 
7.66136e+06 7.71004e+06 7.65104e+06 7.64772e+06 7.87019e+06 8.22633e+06 7.68975e+06 
7.43965e+06 7.63979e+06 7.6908e+06 7.6402e+06 7.62628e+06 7.84546e+06 8.21045e+06 

8.1458e+06 7.65783e+06 6.80373e+06 6.08562e+06 5.53578e+06 5.046e+06 4.49274e+06 
7.79787e+06 8.14827e+06 7.64761e+06 6.82069e+06 6.1136e+06 5.52531e+06 5.014e+06 
7.59225e+06 7.81205e+06 8.16495e+06 7.68176e+06 6.87607e+06 6.12277e+06 5.51288e+06 
7.64924e+06 7.63344e+06 7.85349e+06 8.21138e+06 7.75524e+06 6.89555e+06 6.11451e+06 
7.76816e+06 7.70349e+06 7.68779e+06 7.91541e+06 8.27952e+06 7.77728e+06 6.88146e+06 
7.72983e+06 7.77864e+06 7.71456e+06 7.70645e+06 7.93431e+06 8.29456e+06 7.76377e+06 
7.51401e+06 7.716e+06 7.76575e+06 7.71036e+06 7.70084e+06 7.92347e+06 8.28743e+06 

8.94287e+06 8.4078e+06 7.45785e+06 6.61856e+06 5.96638e+06 5.40629e+06 4.80357e+06 
8.53991e+06 8.9376e+06 8.38144e+06 7.41679e+06 6.58307e+06 5.91722e+06 5.35923e+06 
8.2652e+06 8.51447e+06 8.90707e+06 8.33113e+06 7.37694e+06 6.52756e+06 5.8652e+06 
8.2379e+06 8.23061e+06 8.47357e+06 8.85728e+06 8.29343e+06 7.31787e+06 6.47522e+06 
8.25817e+06 8.20197e+06 8.19733e+06 8.43579e+06 8.8207e+06 8.2387e+06 7.27075e+06 
8.15136e+06 8.21001e+06 8.15345e+06 8.14019e+06 8.37692e+06 8.76509e+06 8.18723e+06 
7.88323e+06 8.10064e+06 8.15611e+06 8.0898e+06 8.07238e+06 8.31158e+06 8.69705e+06 

8.95735e+06 8.39486e+06 7.47551e+06 6.6549e+06 5.99903e+06 5.43136e+06 4.82091e+06 
8.53605e+06 8.9302e+06 8.39772e+06 7.45775e+06 6.61879e+06 5.94366e+06 5.37892e+06 
8.2874e+06 8.53559e+06 8.93026e+06 8.37865e+06 7.41956e+06 6.55837e+06 5.88846e+06 
8.28128e+06 8.27146e+06 8.51798e+06 8.90754e+06 8.34114e+06 7.35188e+06 6.49936e+06 
8.30208e+06 8.24118e+06 8.23694e+06 8.47966e+06 8.865e+06 8.27197e+06 7.292e+06 
8.17933e+06 8.23602e+06 8.18184e+06 8.17398e+06 8.41062e+06 8.79753e+06 8.21079e+06 
7.90834e+06 8.12595e+06 8.18372e+06 8.12286e+06 8.10584e+06 8.34322e+06 8.73049e+06 

9.00283e+06 8.40891e+06 7.47119e+06 6.67788e+06 6.03814e+06 5.46944e+06 4.8518e+06 
8.5453e+06 8.94022e+06 8.38794e+06 7.47928e+06 6.65944e+06 5.98195e+06 5.40971e+06 
8.28812e+06 8.53437e+06 8.92823e+06 8.40263e+06 7.4693e+06 6.60315e+06 5.92314e+06 
8.30993e+06 8.29615e+06 8.54382e+06 8.93803e+06 8.39453e+06 7.39991e+06 6.53503e+06 
8.35422e+06 8.28776e+06 8.28318e+06 8.53102e+06 8.91702e+06 8.32114e+06 7.32786e+06 
8.22155e+06 8.27694e+06 8.22312e+06 8.22052e+06 8.45856e+06 8.84598e+06 8.24973e+06 
7.93885e+06 8.15734e+06 8.21641e+06 8.16217e+06 8.14825e+06 8.38492e+06 8.77427e+06 

8.8793e+06 8.2812e+06 7.32535e+06 6.54073e+06 5.92717e+06 5.3906e+06 4.79559e+06 
8.39963e+06 8.78684e+06 8.21694e+06 7.31687e+06 6.5287e+06 5.88614e+06 5.33655e+06 
8.12046e+06 8.36026e+06 8.74667e+06 8.22196e+06 7.32158e+06 6.50019e+06 5.84621e+06 
8.14052e+06 8.12456e+06 8.36599e+06 8.75108e+06 8.22993e+06 7.28984e+06 6.45475e+06 
8.20653e+06 8.13837e+06 8.12686e+06 8.36961e+06 8.75106e+06 8.19518e+06 7.23613e+06 
8.11382e+06 8.1653e+06 8.10562e+06 8.10171e+06 8.33932e+06 8.71686e+06 8.1444e+06 
7.84885e+06 8.06262e+06 8.11868e+06 8.06567e+06 8.05674e+06 8.2889e+06 8.6697e+06 

8.90344e+06 8.31176e+06 7.31876e+06 6.52696e+06 5.92721e+06 5.40086e+06 4.80102e+06 
8.40687e+06 8.79337e+06 8.19464e+06 7.28507e+06 6.51124e+06 5.87759e+06 5.32485e+06 
8.09671e+06 8.33571e+06 8.7207e+06 8.18317e+06 7.29744e+06 6.48853e+06 5.83193e+06 
8.10851e+06 8.09642e+06 8.33488e+06 8.716e+06 8.20751e+06 7.28557e+06 6.44598e+06 
8.19101e+06 8.12548e+06 8.10966e+06 8.35031e+06 8.73699e+06 8.19683e+06 7.23092e+06 
8.11853e+06 8.17019e+06 8.10341e+06 8.09628e+06 8.3385e+06 8.71456e+06 8.13525e+06 
7.84251e+06 8.05602e+06 8.1087e+06 8.05399e+06 8.0502e+06 8.28212e+06 8.65984e+06 

8.94139e+06 8.35098e+06 7.35866e+06 6.53184e+06 5.92412e+06 5.41622e+06 4.82536e+06 
8.45715e+06 8.83875e+06 8.25058e+06 7.29917e+06 6.51817e+06 5.905e+06 5.35834e+06 
8.12708e+06 8.36537e+06 8.75494e+06 8.18498e+06 7.28709e+06 6.50062e+06 5.84894e+06 
8.10612e+06 8.09161e+06 8.33234e+06 8.71355e+06 8.18887e+06 7.29354e+06 6.46067e+06 
8.1756e+06 8.11257e+06 8.09929e+06 8.33716e+06 8.72108e+06 8.20537e+06 7.24998e+06 
8.12489e+06 8.1798e+06 8.11401e+06 8.10313e+06 8.3454e+06 8.72711e+06 8.15773e+06 
7.86388e+06 8.07991e+06 8.13258e+06 8.0718e+06 8.06569e+06 8.3022e+06 8.67901e+06 

8.92705e+06 8.32496e+06 7.37519e+06 6.59124e+06 5.96364e+06 5.40842e+06 4.80698e+06 
8.44481e+06 8.83887e+06 8.27189e+06 7.37267e+06 6.56882e+06 5.90757e+06 5.35026e+06 
8.17209e+06 8.41542e+06 8.80288e+06 8.28241e+06 7.36707e+06 6.52134e+06 5.85817e+06 
8.19296e+06 8.17799e+06 8.42142e+06 8.81122e+06 8.2802e+06 7.30917e+06 6.4643e+06 
8.2438e+06 8.17699e+06 8.16915e+06 8.41462e+06 8.79669e+06 8.21562e+06 7.2453e+06 
8.1258e+06 8.17931e+06 8.12243e+06 8.11955e+06 8.35553e+06 8.73424e+06 8.15413e+06 
7.85474e+06 8.06959e+06 8.12627e+06 8.07408e+06 8.06324e+06 8.2958e+06 8.67854e+06 

8.96211e+06 8.36601e+06 7.38907e+06 6.57761e+06 5.95519e+06 5.421e+06 4.81904e+06 
8.46907e+06 8.85579e+06 8.27529e+06 7.34394e+06 6.545e+06 5.90393e+06 5.34676e+06 
8.16832e+06 8.4089e+06 8.80061e+06 8.25154e+06 7.33698e+06 6.51604e+06 5.8531e+06 
8.16458e+06 8.14964e+06 8.39358e+06 8.78266e+06 8.24859e+06 7.31047e+06 6.46476e+06 
8.22156e+06 8.15517e+06 8.14396e+06 8.38728e+06 8.77206e+06 8.22008e+06 7.2487e+06 
8.13263e+06 8.18612e+06 8.12361e+06 8.11764e+06 8.35803e+06 8.73664e+06 8.15371e+06 
7.85519e+06 8.07002e+06 8.12395e+06 8.06946e+06 8.06418e+06 8.2969e+06 8.67505e+06 

8.982e+06 8.39972e+06 7.43099e+06 6.59059e+06 5.94478e+06 5.42537e+06 4.835e+06 
8.51533e+06 8.89435e+06 8.3258e+06 7.3624e+06 6.53972e+06 5.9158e+06 5.36767e+06 
8.20137e+06 8.43767e+06 8.83061e+06 8.26319e+06 7.3163e+06 6.51461e+06 5.85999e+06 
8.16781e+06 8.1487e+06 8.39499e+06 8.78985e+06 8.22365e+06 7.30848e+06 6.47149e+06 
8.20283e+06 8.13608e+06 8.12399e+06 8.36738e+06 8.75247e+06 8.21875e+06 7.25925e+06 
8.1314e+06 8.18605e+06 8.12197e+06 8.11483e+06 8.35606e+06 8.7359e+06 8.16488e+06 
7.86426e+06 8.08064e+06 8.13436e+06 8.07696e+06 8.07087e+06 8.3061e+06 8.68359e+06 

9.06417e+06 8.52008e+06 7.56397e+06 6.70783e+06 6.04492e+06 5.48025e+06 4.87456e+06 
8.65585e+06 9.05936e+06 8.50325e+06 7.51946e+06 6.67182e+06 6.00062e+06 5.44036e+06 
8.38264e+06 8.6363e+06 9.03807e+06 8.45088e+06 7.48001e+06 6.62325e+06 5.95805e+06 
8.35285e+06 8.34284e+06 8.59121e+06 8.98274e+06 8.40719e+06 7.42261e+06 6.57575e+06 
8.37262e+06 8.31186e+06 8.30597e+06 8.54889e+06 8.93646e+06 8.34915e+06 7.3759e+06 
8.26444e+06 8.32132e+06 8.26453e+06 8.25287e+06 8.49145e+06 8.8817e+06 8.30267e+06 
7.99996e+06 8.21889e+06 8.27551e+06 8.21089e+06 8.19263e+06 8.43351e+06 8.82473e+06 

9.0841e+06 8.50242e+06 7.56374e+06 6.73632e+06 6.07138e+06 5.50304e+06 4.8836e+06 
8.64675e+06 9.04222e+06 8.49714e+06 7.55245e+06 6.70033e+06 6.02214e+06 5.4505e+06 
8.38962e+06 8.63843e+06 9.04118e+06 8.49032e+06 7.51375e+06 6.64882e+06 5.97147e+06 
8.38549e+06 8.37374e+06 8.62586e+06 9.02301e+06 8.44381e+06 7.45201e+06 6.58875e+06 
8.4049e+06 8.33951e+06 8.33264e+06 8.57944e+06 8.96942e+06 8.37708e+06 7.38367e+06 
8.28127e+06 8.33584e+06 8.27981e+06 8.27432e+06 8.51477e+06 8.90432e+06 8.30931e+06 
8.00355e+06 8.22269e+06 8.28147e+06 8.22334e+06 8.20676e+06 8.44547e+06 8.8381e+06 

9.12691e+06 8.52311e+06 7.55721e+06 6.74922e+06 6.10901e+06 5.54059e+06 4.9143e+06 
8.65101e+06 9.04884e+06 8.47793e+06 7.55168e+06 6.72984e+06 6.05074e+06 5.47085e+06 
8.37661e+06 8.62473e+06 9.02402e+06 8.4846e+06 7.54817e+06 6.6798e+06 5.99085e+06 
8.38951e+06 8.37566e+06 8.62566e+06 9.02444e+06 8.48096e+06 7.48572e+06 6.60877e+06 
8.43738e+06 8.3698e+06 8.36259e+06 8.61339e+06 9.00642e+06 8.41316e+06 7.40568e+06 
8.3083e+06 8.36386e+06 8.30572e+06 8.30229e+06 8.5457e+06 8.93693e+06 8.33084e+06 
8.01128e+06 8.23193e+06 8.28997e+06 8.23556e+06 8.22475e+06 8.46375e+06 8.8556e+06 

8.85723e+06 8.26248e+06 7.3453e+06 6.56792e+06 5.93506e+06 5.37897e+06 4.78333e+06 
8.39419e+06 8.78651e+06 8.24561e+06 7.35574e+06 6.54575e+06 5.88466e+06 5.33286e+06 
8.14668e+06 8.39021e+06 8.77736e+06 8.26576e+06 7.34276e+06 6.49749e+06 5.84116e+06 
8.17624e+06 8.16111e+06 8.4053e+06 8.79304e+06 8.25407e+06 7.28207e+06 6.44628e+06 
8.22101e+06 8.15463e+06 8.14906e+06 8.39264e+06 8.76959e+06 8.18629e+06 7.22639e+06 
8.10156e+06 8.1547e+06 8.10171e+06 8.09932e+06 8.33146e+06 8.7085e+06 8.13634e+06 
7.84194e+06 8.05569e+06 8.11379e+06 8.06131e+06 8.04688e+06 8.27837e+06 8.66116e+06 

8.89723e+06 8.30739e+06 7.34531e+06 6.5502e+06 5.93594e+06 5.39308e+06 4.79399e+06 
8.41492e+06 8.80596e+06 8.23291e+06 7.31863e+06 6.52976e+06 5.88102e+06 5.32618e+06 
8.12987e+06 8.37262e+06 8.76102e+06 8.22365e+06 7.32455e+06 6.49404e+06 5.83401e+06 
8.14242e+06 8.12782e+06 8.36965e+06 8.75691e+06 8.23751e+06 7.28608e+06 6.44463e+06 
8.21024e+06 8.14337e+06 8.13317e+06 8.37703e+06 8.75948e+06 8.19465e+06 7.22771e+06 
8.11328e+06 8.16612e+06 8.10534e+06 8.10028e+06 8.33778e+06 8.71411e+06 8.13501e+06 
7.8426e+06 8.05609e+06 8.11019e+06 8.0568e+06 8.04882e+06 8.28027e+06 8.65917e+06 

8.92907e+06 8.34942e+06 7.38241e+06 6.54407e+06 5.91918e+06 5.40134e+06 4.80534e+06 
8.45719e+06 8.83612e+06 8.2726e+06 7.30966e+06 6.50845e+06 5.88505e+06 5.33223e+06 
8.15017e+06 8.38921e+06 8.7856e+06 8.21098e+06 7.29069e+06 6.48926e+06 5.83064e+06 
8.12267e+06 8.10583e+06 8.3517e+06 8.74199e+06 8.19716e+06 7.2827e+06 6.44276e+06 
8.17876e+06 8.11193e+06 8.10102e+06 8.34249e+06 8.72349e+06 8.19162e+06 7.22734e+06 
8.109e+06 8.16268e+06 8.09927e+06 8.09192e+06 8.33144e+06 8.70894e+06 8.13154e+06 
7.84073e+06 8.05478e+06 8.10726e+06 8.05142e+06 8.04558e+06 8.27831e+06 8.65388e+06 

8.83455e+06 8.26134e+06 7.34055e+06 6.53462e+06 5.88443e+06 5.34517e+06 4.75016e+06 
8.38957e+06 8.7686e+06 8.23158e+06 7.3126e+06 6.48203e+06 5.83738e+06 5.28672e+06 
8.12992e+06 8.3672e+06 8.75562e+06 8.22254e+06 7.26825e+06 6.44425e+06 5.78992e+06 
8.12373e+06 8.11064e+06 8.35552e+06 8.74299e+06 8.17251e+06 7.22879e+06 6.39451e+06 
8.1431e+06 8.08052e+06 8.07248e+06 8.31174e+06 8.68998e+06 8.12965e+06 7.17103e+06 
8.04822e+06 8.10236e+06 8.04445e+06 8.03915e+06 8.27366e+06 8.64918e+06 8.07573e+06 
7.78816e+06 8.001e+06 8.05631e+06 8.0017e+06 7.99072e+06 8.22137e+06 8.59925e+06 

8.88226e+06 8.30666e+06 7.35434e+06 6.56051e+06 5.93513e+06 5.39314e+06 4.79276e+06 
8.41449e+06 8.79937e+06 8.23312e+06 7.3226e+06 6.52201e+06 5.87403e+06 5.31751e+06 
8.13361e+06 8.37237e+06 8.75655e+06 8.22535e+06 7.31086e+06 6.48173e+06 5.81899e+06 
8.14064e+06 8.1271e+06 8.36798e+06 8.7556e+06 8.22263e+06 7.27335e+06 6.42884e+06 
8.19138e+06 8.12733e+06 8.11701e+06 8.35977e+06 8.74459e+06 8.182e+06 7.21272e+06 
8.0947e+06 8.14952e+06 8.0873e+06 8.08047e+06 8.31978e+06 8.69838e+06 8.1164e+06 
7.82053e+06 8.03512e+06 8.08849e+06 8.03328e+06 8.0282e+06 8.26093e+06 8.63775e+06 

8.93681e+06 8.36762e+06 7.38702e+06 6.5711e+06 5.96131e+06 5.44247e+06 4.84189e+06 
8.46987e+06 8.84991e+06 8.26874e+06 7.32949e+06 6.54747e+06 5.92178e+06 5.36542e+06 
8.15681e+06 8.39391e+06 8.7806e+06 8.22272e+06 7.32644e+06 6.52447e+06 5.86093e+06 
8.14437e+06 8.12906e+06 8.36937e+06 8.75492e+06 8.23478e+06 7.32182e+06 6.47334e+06 
8.21251e+06 8.1483e+06 8.13547e+06 8.37752e+06 8.76613e+06 8.2356e+06 7.26255e+06 
8.14443e+06 8.20024e+06 8.13488e+06 8.12781e+06 8.37202e+06 8.75384e+06 8.17107e+06 
7.86325e+06 8.08112e+06 8.13526e+06 8.07801e+06 8.07563e+06 8.31133e+06 8.68965e+06 

8.9027e+06 8.32351e+06 7.39676e+06 6.59508e+06 5.93921e+06 5.39469e+06 4.80304e+06 
8.44723e+06 8.83067e+06 8.28514e+06 7.37004e+06 6.5351e+06 5.88618e+06 5.3376e+06 
8.18747e+06 8.42512e+06 8.81041e+06 8.28439e+06 7.32672e+06 6.4968e+06 5.84277e+06 
8.18679e+06 8.17157e+06 8.4158e+06 8.80788e+06 8.2377e+06 7.28558e+06 6.4515e+06 
8.20537e+06 8.14144e+06 8.13145e+06 8.37424e+06 8.75719e+06 8.19048e+06 7.23388e+06 
8.10735e+06 8.16202e+06 8.10149e+06 8.09514e+06 8.33247e+06 8.71075e+06 8.14052e+06 
7.84316e+06 8.05789e+06 8.11255e+06 8.05755e+06 8.04975e+06 8.28296e+06 8.66238e+06 

8.94859e+06 8.37204e+06 7.40442e+06 6.60212e+06 5.97882e+06 5.43578e+06 4.84428e+06 
8.47463e+06 8.8669e+06 8.2867e+06 7.36073e+06 6.56705e+06 5.92051e+06 5.36964e+06 
8.18329e+06 8.42428e+06 8.80501e+06 8.26248e+06 7.3593e+06 6.52988e+06 5.87045e+06 
8.1841e+06 8.16708e+06 8.40565e+06 8.79651e+06 8.27508e+06 7.32351e+06 6.48254e+06 
8.23982e+06 8.17509e+06 8.16417e+06 8.41037e+06 8.79841e+06 8.2335e+06 7.27102e+06 
8.14502e+06 8.20179e+06 8.13794e+06 8.13034e+06 8.37122e+06 8.75238e+06 8.17919e+06 
7.87289e+06 8.09021e+06 8.14343e+06 8.08707e+06 8.0837e+06 8.31968e+06 8.6992e+06 

9.00162e+06 8.42668e+06 7.43684e+06 6.60261e+06 5.98085e+06 5.4711e+06 4.88274e+06 
8.53654e+06 8.91775e+06 8.33086e+06 7.36936e+06 6.57666e+06 5.96244e+06 5.4161e+06 
8.21041e+06 8.44684e+06 8.83326e+06 8.2619e+06 7.35106e+06 6.56213e+06 5.90779e+06 
8.1827e+06 8.16384e+06 8.4047e+06 8.79266e+06 8.25856e+06 7.36013e+06 6.52184e+06 
8.24042e+06 8.17622e+06 8.16295e+06 8.40531e+06 8.79431e+06 8.2755e+06 7.3166e+06 
8.18397e+06 8.24116e+06 8.17559e+06 8.1673e+06 8.41216e+06 8.79724e+06 8.22905e+06 
7.91398e+06 8.13435e+06 8.18952e+06 8.12944e+06 8.12577e+06 8.3652e+06 8.74654e+06 

8.74948e+06 8.16306e+06 7.23374e+06 6.44352e+06 5.81312e+06 5.26386e+06 4.66187e+06 
8.28615e+06 8.66572e+06 8.11653e+06 7.21217e+06 6.40468e+06 5.74872e+06 5.1927e+06 
8.01163e+06 8.24841e+06 8.63082e+06 8.10095e+06 7.17771e+06 6.34187e+06 5.68266e+06 
7.99868e+06 7.98826e+06 8.22707e+06 8.60574e+06 8.06194e+06 7.1041e+06 6.26489e+06 
8.0135e+06 7.95219e+06 7.94737e+06 8.18412e+06 8.55861e+06 7.98487e+06 7.02015e+06 
7.87767e+06 7.93155e+06 7.8799e+06 7.87726e+06 8.10816e+06 8.48194e+06 7.89968e+06 
7.59004e+06 7.80104e+06 7.85876e+06 7.80554e+06 7.79372e+06 8.02145e+06 8.39502e+06 

8.78848e+06 8.20367e+06 7.23716e+06 6.46319e+06 5.84802e+06 5.2985e+06 4.69051e+06 
8.30761e+06 8.69014e+06 8.10518e+06 7.21877e+06 6.42813e+06 5.77074e+06 5.21044e+06 
8.00762e+06 8.24347e+06 8.62142e+06 8.10468e+06 7.2026e+06 6.36591e+06 5.70112e+06 
8.00538e+06 7.99615e+06 8.23191e+06 8.61223e+06 8.08941e+06 7.1319e+06 6.28545e+06 
8.03951e+06 7.97532e+06 7.96399e+06 8.20357e+06 8.5822e+06 8.00863e+06 7.03426e+06 
7.8987e+06 7.94994e+06 7.89124e+06 7.89111e+06 8.12577e+06 8.49612e+06 7.90712e+06 
7.58687e+06 7.79706e+06 7.85251e+06 7.80689e+06 7.80158e+06 8.02808e+06 8.40375e+06 

8.84432e+06 8.2592e+06 7.28913e+06 6.48266e+06 5.8754e+06 5.34256e+06 4.74005e+06 
8.35046e+06 8.73327e+06 8.15633e+06 7.22788e+06 6.44734e+06 5.8083e+06 5.25064e+06 
8.03454e+06 8.2739e+06 8.65604e+06 8.10185e+06 7.20992e+06 6.39301e+06 5.72964e+06 
8.00424e+06 7.9955e+06 8.2317e+06 8.60963e+06 8.09209e+06 7.15853e+06 6.3149e+06 
8.04028e+06 7.98057e+06 7.97075e+06 8.20763e+06 8.58644e+06 8.0359e+06 7.06644e+06 
7.92167e+06 7.97696e+06 7.9158e+06 7.90926e+06 8.14591e+06 8.51972e+06 7.93509e+06 
7.61119e+06 7.82369e+06 7.87646e+06 7.82398e+06 7.82068e+06 8.0509e+06 8.42332e+06 

9.09844e+06 8.51672e+06 7.56872e+06 6.7685e+06 6.13025e+06 5.56682e+06 4.95548e+06 
8.64709e+06 9.05075e+06 8.49348e+06 7.5764e+06 6.75667e+06 6.08489e+06 5.51924e+06 
8.38964e+06 8.64117e+06 9.04224e+06 8.51245e+06 7.57807e+06 6.71862e+06 6.04592e+06 
8.42545e+06 8.40878e+06 8.66059e+06 9.06027e+06 8.51967e+06 7.53316e+06 6.67502e+06 
8.49633e+06 8.42575e+06 8.41601e+06 8.66809e+06 9.05895e+06 8.4706e+06 7.48433e+06 
8.39161e+06 8.44453e+06 8.38498e+06 8.38204e+06 8.62402e+06 9.01087e+06 8.42378e+06 
8.12588e+06 8.34545e+06 8.40339e+06 8.35046e+06 8.33799e+06 8.57599e+06 8.96924e+06 

9.10894e+06 8.53831e+06 7.57668e+06 6.75125e+06 6.11868e+06 5.57085e+06 4.96211e+06 
8.65344e+06 9.05034e+06 8.48819e+06 7.5392e+06 6.72718e+06 6.07127e+06 5.50784e+06 
8.37647e+06 8.62536e+06 9.02638e+06 8.46812e+06 7.54022e+06 6.69991e+06 6.02891e+06 
8.38532e+06 8.36791e+06 8.61752e+06 9.01705e+06 8.47948e+06 7.51794e+06 6.66076e+06 
8.46099e+06 8.39054e+06 8.3774e+06 8.62851e+06 9.0241e+06 8.45765e+06 7.47323e+06 
8.38235e+06 8.43577e+06 8.37046e+06 8.36299e+06 8.60971e+06 8.99738e+06 8.40983e+06 
8.11509e+06 8.33508e+06 8.38978e+06 8.33197e+06 8.32544e+06 8.56476e+06 8.95243e+06 

9.08545e+06 8.53511e+06 7.59027e+06 6.74801e+06 6.09646e+06 5.56136e+06 4.95813e+06 
8.66663e+06 9.05191e+06 8.50758e+06 7.54288e+06 6.70984e+06 6.06768e+06 5.50905e+06 
8.38989e+06 8.6331e+06 9.03405e+06 8.46847e+06 7.51092e+06 6.68693e+06 6.02039e+06 
8.37785e+06 8.35932e+06 8.6103e+06 9.01261e+06 8.44553e+06 7.50392e+06 6.65236e+06 
8.43324e+06 8.3635e+06 8.34865e+06 8.59771e+06 8.99361e+06 8.44483e+06 7.46815e+06 
8.37129e+06 8.42525e+06 8.35709e+06 8.3463e+06 8.59469e+06 8.98571e+06 8.40452e+06 
8.11086e+06 8.33123e+06 8.38432e+06 8.32291e+06 8.31616e+06 8.55837e+06 8.945e+06 

8.94154e+06 8.36641e+06 7.43528e+06 6.65104e+06 6.02534e+06 5.47091e+06 4.87056e+06 
8.49973e+06 8.8967e+06 8.3489e+06 7.44996e+06 6.64609e+06 5.98512e+06 5.42993e+06 
8.25278e+06 8.49997e+06 8.89423e+06 8.37511e+06 7.45919e+06 6.61372e+06 5.95357e+06 
8.29396e+06 8.277e+06 8.52436e+06 8.91739e+06 8.3887e+06 7.41819e+06 6.57561e+06 
8.36529e+06 8.29498e+06 8.2849e+06 8.53312e+06 8.91831e+06 8.33956e+06 7.37121e+06 
8.26157e+06 8.31313e+06 8.25436e+06 8.25092e+06 8.48925e+06 8.87086e+06 8.29505e+06 
8.00137e+06 8.21723e+06 8.27425e+06 8.22113e+06 8.20768e+06 8.44236e+06 8.83033e+06 

8.9455e+06 8.38286e+06 7.4354e+06 6.62672e+06 6.00673e+06 5.46834e+06 4.87014e+06 
8.49863e+06 8.88846e+06 8.33313e+06 7.40316e+06 6.60745e+06 5.96291e+06 5.40896e+06 
8.22833e+06 8.47234e+06 8.86592e+06 8.3192e+06 7.41052e+06 6.58442e+06 5.92469e+06 
8.24247e+06 8.22487e+06 8.46996e+06 8.86307e+06 8.33746e+06 7.39222e+06 6.54919e+06 
8.31938e+06 8.2497e+06 8.23672e+06 8.48396e+06 8.8732e+06 8.31619e+06 7.34806e+06 
8.24114e+06 8.29367e+06 8.22915e+06 8.22184e+06 8.4644e+06 8.84577e+06 8.26822e+06 
7.97735e+06 8.1935e+06 8.24712e+06 8.1901e+06 8.18292e+06 8.41824e+06 8.80005e+06 

8.92651e+06 8.38259e+06 7.44869e+06 6.62144e+06 5.98315e+06 5.45831e+06 4.8643e+06 
8.51312e+06 8.89083e+06 8.35138e+06 7.40373e+06 6.58744e+06 5.95702e+06 5.40696e+06 
8.23658e+06 8.47469e+06 8.86896e+06 8.31278e+06 7.37456e+06 6.56554e+06 5.90956e+06 
8.22554e+06 8.20687e+06 8.45352e+06 8.849e+06 8.294e+06 7.3702e+06 6.5315e+06 
8.28078e+06 8.21192e+06 8.19727e+06 8.44233e+06 8.8326e+06 8.29464e+06 7.33266e+06 
8.21759e+06 8.27064e+06 8.20346e+06 8.19283e+06 8.43757e+06 8.82249e+06 8.24941e+06 
7.95857e+06 8.17519e+06 8.2274e+06 8.16624e+06 8.15918e+06 8.39722e+06 8.77651e+06 

9.16864e+06 8.57242e+06 7.62887e+06 6.83026e+06 6.17878e+06 5.6045e+06 4.98226e+06 
8.70753e+06 9.11115e+06 8.55686e+06 7.64433e+06 6.80816e+06 6.12392e+06 5.54819e+06 
8.45616e+06 8.70776e+06 9.10899e+06 8.58596e+06 7.63236e+06 6.75774e+06 6.07366e+06 
8.48826e+06 8.47413e+06 8.72733e+06 9.12929e+06 8.57472e+06 7.57046e+06 6.69948e+06 
8.5325e+06 8.46438e+06 8.45622e+06 8.70863e+06 9.10475e+06 8.50585e+06 7.50512e+06 
8.41059e+06 8.4658e+06 8.40655e+06 8.39958e+06 8.64457e+06 9.03916e+06 8.44036e+06 
8.13128e+06 8.35328e+06 8.41083e+06 8.35231e+06 8.33955e+06 8.58183e+06 8.97645e+06 

9.18652e+06 8.58801e+06 7.6161e+06 6.78476e+06 6.15425e+06 5.60379e+06 4.98023e+06 
8.71018e+06 9.10713e+06 8.54138e+06 7.5867e+06 6.77403e+06 6.11285e+06 5.53596e+06 
8.42854e+06 8.67938e+06 9.08603e+06 8.52133e+06 7.5922e+06 6.745e+06 6.05958e+06 
8.43049e+06 8.41633e+06 8.6687e+06 9.06833e+06 8.53028e+06 7.5625e+06 6.68846e+06 
8.49708e+06 8.42898e+06 8.41737e+06 8.66807e+06 9.06507e+06 8.49719e+06 7.49224e+06 
8.40277e+06 8.45781e+06 8.39256e+06 8.38514e+06 8.63337e+06 9.02576e+06 8.42336e+06 
8.11318e+06 8.33465e+06 8.38954e+06 8.33238e+06 8.32354e+06 8.56484e+06 8.95715e+06 

9.19844e+06 8.6169e+06 7.64144e+06 6.78232e+06 6.12522e+06 5.59462e+06 4.99014e+06 
8.74114e+06 9.12984e+06 8.5636e+06 7.57846e+06 6.74004e+06 6.1022e+06 5.54107e+06 
8.44198e+06 8.68595e+06 9.09117e+06 8.5111e+06 7.54637e+06 6.72621e+06 6.05627e+06 
8.41724e+06 8.39668e+06 8.65051e+06 9.05628e+06 8.48229e+06 7.54646e+06 6.68896e+06 
8.45956e+06 8.39008e+06 8.37681e+06 8.62752e+06 9.0252e+06 8.48154e+06 7.49842e+06 
8.3908e+06 8.44668e+06 8.37949e+06 8.37006e+06 8.61938e+06 9.01125e+06 8.42739e+06 
8.11513e+06 8.33778e+06 8.3923e+06 8.33062e+06 8.3235e+06 8.5664e+06 8.95525e+06 

8.86064e+06 8.27896e+06 7.36743e+06 6.57998e+06 5.94028e+06 5.38242e+06 4.78228e+06 
8.41265e+06 8.80442e+06 8.27183e+06 7.37178e+06 6.55198e+06 5.88806e+06 5.33289e+06 
8.16898e+06 8.41392e+06 8.8044e+06 8.2841e+06 7.34781e+06 6.50011e+06 5.84115e+06 
8.18999e+06 8.17746e+06 8.42312e+06 8.80894e+06 8.25872e+06 7.28449e+06 6.44586e+06 
8.22427e+06 8.16062e+06 8.15658e+06 8.39802e+06 8.77492e+06 8.19095e+06 7.22712e+06 
8.10455e+06 8.15864e+06 8.10698e+06 8.10312e+06 8.3352e+06 8.71396e+06 8.13779e+06 
7.84411e+06 8.05827e+06 8.11679e+06 8.06199e+06 8.0463e+06 8.27831e+06 8.66093e+06 

8.8912e+06 8.31997e+06 7.3652e+06 6.55978e+06 5.94368e+06 5.39628e+06 4.79464e+06 
8.4307e+06 8.82395e+06 8.26034e+06 7.3331e+06 6.5413e+06 5.88774e+06 5.33048e+06 
8.15169e+06 8.39753e+06 8.7893e+06 8.2402e+06 7.33822e+06 6.5017e+06 5.83939e+06 
8.15613e+06 8.14263e+06 8.38544e+06 8.77229e+06 8.25095e+06 7.29196e+06 6.44835e+06 
8.2202e+06 8.1543e+06 8.14579e+06 8.38933e+06 8.77074e+06 8.20015e+06 7.23031e+06 
8.11674e+06 8.1701e+06 8.11108e+06 8.10605e+06 8.34244e+06 8.71939e+06 8.13827e+06 
7.84618e+06 8.05982e+06 8.11448e+06 8.06083e+06 8.05097e+06 8.28257e+06 8.66269e+06 

8.91383e+06 8.35363e+06 7.39873e+06 6.55774e+06 5.92614e+06 5.40119e+06 4.80715e+06 
8.46246e+06 8.84335e+06 8.28941e+06 7.32286e+06 6.51444e+06 5.88421e+06 5.33326e+06 
8.16778e+06 8.40817e+06 8.80484e+06 8.22854e+06 7.30073e+06 6.49154e+06 5.83502e+06 
8.1382e+06 8.12068e+06 8.36662e+06 8.75866e+06 8.20964e+06 7.28495e+06 6.44725e+06 
8.18767e+06 8.12021e+06 8.10885e+06 8.35184e+06 8.73377e+06 8.19191e+06 7.23036e+06 
8.10986e+06 8.16301e+06 8.09982e+06 8.09365e+06 8.3328e+06 8.70897e+06 8.13361e+06 
7.84186e+06 8.05554e+06 8.10841e+06 8.05417e+06 8.04891e+06 8.2806e+06 8.65589e+06 

8.93016e+06 8.3478e+06 7.44766e+06 6.65397e+06 6.00108e+06 5.43712e+06 4.83059e+06 
8.49097e+06 8.88366e+06 8.36271e+06 7.45719e+06 6.62138e+06 5.95035e+06 5.38917e+06 
8.26216e+06 8.50873e+06 8.9019e+06 8.38103e+06 7.42529e+06 6.56875e+06 5.90291e+06 
8.28272e+06 8.27113e+06 8.51951e+06 8.90878e+06 8.3443e+06 7.36006e+06 6.51252e+06 
8.30583e+06 8.24353e+06 8.24028e+06 8.4831e+06 8.86458e+06 8.2749e+06 7.30078e+06 
8.18183e+06 8.23769e+06 8.1859e+06 8.18044e+06 8.41499e+06 8.79925e+06 8.21737e+06 
7.91478e+06 8.13186e+06 8.19109e+06 8.13316e+06 8.11582e+06 8.35142e+06 8.73894e+06 

8.96293e+06 8.38103e+06 7.43243e+06 6.63892e+06 6.01267e+06 5.45313e+06 4.84601e+06 
8.5002e+06 8.89901e+06 8.33708e+06 7.42552e+06 6.62169e+06 5.95516e+06 5.3927e+06 
8.2369e+06 8.4849e+06 8.87675e+06 8.34487e+06 7.43012e+06 6.57778e+06 5.90938e+06 
8.26144e+06 8.24822e+06 8.49325e+06 8.88327e+06 8.35505e+06 7.37671e+06 6.52516e+06 
8.31785e+06 8.25236e+06 8.24541e+06 8.4915e+06 8.8766e+06 8.29163e+06 7.31281e+06 
8.20064e+06 8.25538e+06 8.19824e+06 8.19356e+06 8.4311e+06 8.81279e+06 8.22752e+06 
7.92588e+06 8.1425e+06 8.19925e+06 8.14431e+06 8.13201e+06 8.36657e+06 8.75289e+06 

9.00667e+06 8.43375e+06 7.46551e+06 6.63111e+06 6.00866e+06 5.47412e+06 4.86829e+06 
8.5439e+06 8.93314e+06 8.36894e+06 7.40874e+06 6.60866e+06 5.96653e+06 5.40531e+06 
8.25108e+06 8.49666e+06 8.89745e+06 8.32443e+06 7.40878e+06 6.58508e+06 5.91737e+06 
8.24158e+06 8.22531e+06 8.47313e+06 8.86585e+06 8.33182e+06 7.3908e+06 6.53891e+06 
8.30947e+06 8.24154e+06 8.23113e+06 8.47683e+06 8.86309e+06 8.31104e+06 7.33244e+06 
8.22233e+06 8.27612e+06 8.21385e+06 8.20843e+06 8.45002e+06 8.83152e+06 8.24528e+06 
7.94222e+06 8.15883e+06 8.21353e+06 8.15898e+06 8.15188e+06 8.38633e+06 8.76832e+06 

8.82206e+06 8.29113e+06 7.34311e+06 6.50868e+06 5.86895e+06 5.3271e+06 4.73415e+06 
8.42272e+06 8.81199e+06 8.25739e+06 7.29923e+06 6.47976e+06 5.83304e+06 5.28563e+06 
8.14277e+06 8.38732e+06 8.77773e+06 8.20352e+06 7.26283e+06 6.4382e+06 5.7889e+06 
8.11234e+06 8.10393e+06 8.34473e+06 8.72185e+06 8.16363e+06 7.21838e+06 6.39115e+06 
8.13977e+06 8.08202e+06 8.07627e+06 8.31024e+06 8.6872e+06 8.12699e+06 7.17616e+06 
8.04813e+06 8.10389e+06 8.04894e+06 8.03791e+06 8.27094e+06 8.65213e+06 8.08534e+06 
7.79697e+06 8.01079e+06 8.06696e+06 8.00336e+06 7.98574e+06 8.22065e+06 8.6022e+06 

8.83602e+06 8.27588e+06 7.36778e+06 6.54416e+06 5.89468e+06 5.34484e+06 4.74686e+06 
8.4184e+06 8.80171e+06 8.27925e+06 7.33598e+06 6.50562e+06 5.84987e+06 5.29771e+06 
8.17273e+06 8.41521e+06 8.80627e+06 8.24966e+06 7.29735e+06 6.46119e+06 5.80597e+06 
8.15365e+06 8.14225e+06 8.38563e+06 8.77064e+06 8.20452e+06 7.24564e+06 6.41016e+06 
8.1758e+06 8.1135e+06 8.10644e+06 8.34547e+06 8.72449e+06 8.15202e+06 7.19144e+06 
8.06888e+06 8.12279e+06 8.06767e+06 8.06205e+06 8.29578e+06 8.67472e+06 8.10116e+06 
7.80895e+06 8.02268e+06 8.08001e+06 8.02302e+06 8.00742e+06 8.2402e+06 8.62336e+06 

8.8808e+06 8.2937e+06 7.36232e+06 6.57696e+06 5.93722e+06 5.38352e+06 4.77414e+06 
8.42655e+06 8.81029e+06 8.2604e+06 7.36459e+06 6.54468e+06 5.88312e+06 5.31982e+06 
8.16725e+06 8.40631e+06 8.79445e+06 8.27878e+06 7.34112e+06 6.49632e+06 5.82771e+06 
8.18417e+06 8.17175e+06 8.41659e+06 8.80618e+06 8.25424e+06 7.28624e+06 6.43474e+06 
8.22077e+06 8.15559e+06 8.1478e+06 8.39088e+06 8.7731e+06 8.19546e+06 7.21639e+06 
8.10489e+06 8.1584e+06 8.10138e+06 8.09826e+06 8.33476e+06 8.71476e+06 8.12647e+06 
7.8282e+06 8.0426e+06 8.09928e+06 8.04651e+06 8.03462e+06 8.26701e+06 8.65001e+06 

9.10502e+06 8.53301e+06 7.61486e+06 6.79043e+06 6.11424e+06 5.5404e+06 4.92351e+06 
8.67763e+06 9.07857e+06 8.54964e+06 7.60961e+06 6.74468e+06 6.06165e+06 5.49162e+06 
8.43671e+06 8.68903e+06 9.0905e+06 8.54569e+06 7.55348e+06 6.68342e+06 6.0081e+06 
8.43628e+06 8.42737e+06 8.68031e+06 9.07346e+06 8.48307e+06 7.48414e+06 6.6236e+06 
8.4379e+06 8.3793e+06 8.37673e+06 8.62095e+06 9.01163e+06 8.41398e+06 7.42464e+06 
8.3143e+06 8.37316e+06 8.32066e+06 8.31164e+06 8.55139e+06 8.94482e+06 8.35379e+06 
8.04022e+06 8.26242e+06 8.32286e+06 8.25842e+06 8.23963e+06 8.48118e+06 8.8741e+06 

9.12997e+06 8.54688e+06 7.58763e+06 6.77152e+06 6.11826e+06 5.54423e+06 4.92739e+06 
8.68002e+06 9.08594e+06 8.51973e+06 7.58433e+06 6.74721e+06 6.06415e+06 5.49396e+06 
8.41249e+06 8.66501e+06 9.06494e+06 8.51996e+06 7.56466e+06 6.69322e+06 6.01599e+06 
8.42464e+06 8.41204e+06 8.66224e+06 9.0582e+06 8.50023e+06 7.49901e+06 6.63649e+06 
8.45855e+06 8.39302e+06 8.38684e+06 8.63551e+06 9.02616e+06 8.42639e+06 7.43535e+06 
8.33018e+06 8.38571e+06 8.3306e+06 8.32544e+06 8.56607e+06 8.95729e+06 8.36549e+06 
8.05479e+06 8.27566e+06 8.33537e+06 8.27786e+06 8.26267e+06 8.50289e+06 8.89748e+06 

9.17012e+06 8.59335e+06 7.6031e+06 6.7577e+06 6.11919e+06 5.56135e+06 4.94493e+06 
8.7054e+06 9.10972e+06 8.52721e+06 7.5533e+06 6.73355e+06 6.06675e+06 5.49581e+06 
8.4081e+06 8.66141e+06 9.06657e+06 8.48571e+06 7.54976e+06 6.69626e+06 6.01725e+06 
8.39644e+06 8.38241e+06 8.63272e+06 9.03029e+06 8.48618e+06 7.50838e+06 6.64308e+06 
8.45281e+06 8.38614e+06 8.37714e+06 8.62663e+06 9.01887e+06 8.43919e+06 7.44494e+06 
8.34512e+06 8.40065e+06 8.33968e+06 8.33399e+06 8.57761e+06 8.96599e+06 8.37128e+06 
8.0597e+06 8.28013e+06 8.33664e+06 8.28099e+06 8.27136e+06 8.5103e+06 8.90139e+06 

8.87449e+06 8.35181e+06 7.4457e+06 6.61663e+06 5.96728e+06 5.41631e+06 4.81528e+06 
8.5045e+06 8.893e+06 8.37556e+06 7.42566e+06 6.59396e+06 5.93663e+06 5.38155e+06 
8.278e+06 8.52487e+06 8.92065e+06 8.35923e+06 7.4054e+06 6.56638e+06 5.90815e+06 
8.27881e+06 8.26801e+06 8.51418e+06 8.90131e+06 8.33654e+06 7.37484e+06 6.5347e+06 
8.32332e+06 8.26144e+06 8.25421e+06 8.49478e+06 8.87931e+06 8.30809e+06 7.34165e+06 
8.24149e+06 8.29676e+06 8.23922e+06 8.22955e+06 8.46668e+06 8.85238e+06 8.2781e+06 
8.00477e+06 8.22159e+06 8.27839e+06 8.21516e+06 8.1958e+06 8.43362e+06 8.82436e+06 

8.90553e+06 8.36229e+06 7.45109e+06 6.65185e+06 6.00719e+06 5.45755e+06 4.84677e+06 
8.51185e+06 8.89459e+06 8.36848e+06 7.45708e+06 6.63026e+06 5.97208e+06 5.40762e+06 
8.28257e+06 8.52409e+06 8.91887e+06 8.39276e+06 7.44516e+06 6.60387e+06 5.93394e+06 
8.3094e+06 8.29574e+06 8.54456e+06 8.93846e+06 8.38009e+06 7.41762e+06 6.56253e+06 
8.36616e+06 8.30005e+06 8.29037e+06 8.5358e+06 8.92392e+06 8.35355e+06 7.37029e+06 
8.27938e+06 8.33338e+06 8.27262e+06 8.26758e+06 8.50837e+06 8.89399e+06 8.30632e+06 
8.02288e+06 8.24019e+06 8.29665e+06 8.24069e+06 8.22684e+06 8.46324e+06 8.85318e+06 

8.9495e+06 8.40425e+06 7.46784e+06 6.67621e+06 6.05631e+06 5.51594e+06 4.90215e+06 
8.53798e+06 8.92136e+06 8.37419e+06 7.46684e+06 6.67083e+06 6.0219e+06 5.45277e+06 
8.28698e+06 8.52781e+06 8.91934e+06 8.39373e+06 7.48504e+06 6.65232e+06 5.97451e+06 
8.3203e+06 8.30415e+06 8.55067e+06 8.94641e+06 8.42115e+06 7.47035e+06 6.60498e+06 
8.40509e+06 8.33683e+06 8.32542e+06 8.57418e+06 8.96716e+06 8.40927e+06 7.41561e+06 
8.33043e+06 8.38576e+06 8.32094e+06 8.31517e+06 8.56064e+06 8.94902e+06 8.35498e+06 
8.06099e+06 8.28103e+06 8.33599e+06 8.27945e+06 8.27082e+06 8.50997e+06 8.90039e+06 

9.02563e+06 8.45534e+06 7.53561e+06 6.72186e+06 6.04024e+06 5.44573e+06 4.81848e+06 
8.59578e+06 8.99316e+06 8.45606e+06 7.52903e+06 6.65767e+06 5.95224e+06 5.37412e+06 
8.34995e+06 8.59876e+06 8.99356e+06 8.45651e+06 7.45963e+06 6.56493e+06 5.88129e+06 
8.34782e+06 8.34249e+06 8.59044e+06 8.98057e+06 8.38752e+06 7.35803e+06 6.49025e+06 
8.33939e+06 8.28118e+06 8.27992e+06 8.52269e+06 8.91115e+06 8.28657e+06 7.28881e+06 
8.18864e+06 8.24609e+06 8.19695e+06 8.19013e+06 8.42722e+06 8.81882e+06 8.21456e+06 
7.91128e+06 8.13023e+06 8.19099e+06 8.12991e+06 8.11406e+06 8.35179e+06 8.7385e+06 

9.07838e+06 8.49502e+06 7.56304e+06 6.73068e+06 6.06624e+06 5.50058e+06 4.87392e+06 
8.63022e+06 9.01789e+06 8.48041e+06 7.52924e+06 6.67934e+06 6.00317e+06 5.4237e+06 
8.37166e+06 8.61729e+06 9.01547e+06 8.45913e+06 7.48499e+06 6.62206e+06 5.93405e+06 
8.3539e+06 8.34404e+06 8.5937e+06 8.98928e+06 8.40942e+06 7.42089e+06 6.5462e+06 
8.3728e+06 8.31024e+06 8.30542e+06 8.55059e+06 8.93857e+06 8.34964e+06 7.34432e+06 
8.25172e+06 8.30889e+06 8.25402e+06 8.25044e+06 8.49072e+06 8.88004e+06 8.27461e+06 
7.9654e+06 8.18602e+06 8.24545e+06 8.19015e+06 8.17878e+06 8.41716e+06 8.80905e+06 

9.12649e+06 8.53984e+06 7.59628e+06 6.75739e+06 6.07439e+06 5.51697e+06 4.92041e+06 
8.66662e+06 9.05996e+06 8.50589e+06 7.54501e+06 6.68074e+06 6.01821e+06 5.46492e+06 
8.40025e+06 8.64354e+06 9.03271e+06 8.47707e+06 7.48478e+06 6.63917e+06 5.97764e+06 
8.37459e+06 8.35859e+06 8.60496e+06 9.00558e+06 8.41247e+06 7.44194e+06 6.59571e+06 
8.38087e+06 8.31723e+06 8.30556e+06 8.55402e+06 8.94591e+06 8.36412e+06 7.39433e+06 
8.28209e+06 8.33884e+06 8.27719e+06 8.27469e+06 8.51633e+06 8.89938e+06 8.32627e+06 
8.01394e+06 8.23508e+06 8.2935e+06 8.24119e+06 8.23443e+06 8.47236e+06 8.86444e+06 

8.91876e+06 8.34727e+06 7.3852e+06 6.59488e+06 5.98747e+06 5.45697e+06 4.84178e+06 
8.47548e+06 8.8549e+06 8.2848e+06 7.37753e+06 6.59713e+06 5.95859e+06 5.38747e+06 
8.20887e+06 8.44636e+06 8.83108e+06 8.30103e+06 7.4102e+06 6.58998e+06 5.90978e+06 
8.23505e+06 8.2228e+06 8.46452e+06 8.85396e+06 8.33928e+06 7.40473e+06 6.53698e+06 
8.32352e+06 8.25964e+06 8.24877e+06 8.49304e+06 8.88153e+06 8.3352e+06 7.33786e+06 
8.24984e+06 8.30706e+06 8.24118e+06 8.23625e+06 8.47926e+06 8.86391e+06 8.26812e+06 
7.96591e+06 8.18498e+06 8.23898e+06 8.185e+06 8.17558e+06 8.41326e+06 8.80688e+06 

8.92636e+06 8.35936e+06 7.4025e+06 6.60644e+06 5.98392e+06 5.45391e+06 4.86701e+06 
8.48214e+06 8.86946e+06 8.29783e+06 7.38128e+06 6.58852e+06 5.95504e+06 5.40995e+06 
8.20938e+06 8.44759e+06 8.82506e+06 8.2912e+06 7.3851e+06 6.57352e+06 5.92108e+06 
8.23149e+06 8.21512e+06 8.45281e+06 8.83869e+06 8.31346e+06 7.38509e+06 6.54998e+06 
8.2996e+06 8.23693e+06 8.2251e+06 8.4681e+06 8.85753e+06 8.31214e+06 7.3565e+06 
8.23522e+06 8.29296e+06 8.22902e+06 8.21978e+06 8.46212e+06 8.84788e+06 8.28379e+06 
7.98308e+06 8.20327e+06 8.25888e+06 8.19737e+06 8.18946e+06 8.42946e+06 8.81681e+06 

8.92218e+06 8.3624e+06 7.40568e+06 6.60568e+06 5.99146e+06 5.44779e+06 4.85497e+06 
8.48037e+06 8.87526e+06 8.30678e+06 7.38693e+06 6.59505e+06 5.94481e+06 5.40149e+06 
8.19873e+06 8.44451e+06 8.82925e+06 8.28352e+06 7.3766e+06 6.55154e+06 5.90571e+06 
8.21821e+06 8.20876e+06 8.4452e+06 8.82082e+06 8.30098e+06 7.35593e+06 6.53165e+06 
8.29149e+06 8.22816e+06 8.21208e+06 8.45026e+06 8.83974e+06 8.28351e+06 7.3375e+06 
8.21677e+06 8.26822e+06 8.20431e+06 8.1898e+06 8.43322e+06 8.82116e+06 8.25691e+06 
7.97422e+06 8.19016e+06 8.24477e+06 8.18006e+06 8.17243e+06 8.41213e+06 8.79297e+06 

8.78926e+06 8.25886e+06 7.30303e+06 6.47711e+06 5.84144e+06 5.30009e+06 4.71594e+06 
8.3902e+06 8.7836e+06 8.21748e+06 7.268e+06 6.45452e+06 5.81058e+06 5.27049e+06 
8.10736e+06 8.3523e+06 8.73683e+06 8.16785e+06 7.23525e+06 6.41381e+06 5.77249e+06 
8.08347e+06 8.07692e+06 8.3142e+06 8.68702e+06 8.13544e+06 7.19213e+06 6.37596e+06 
8.11358e+06 8.05917e+06 8.05343e+06 8.28471e+06 8.66073e+06 8.10154e+06 7.16409e+06 
8.02974e+06 8.0869e+06 8.03028e+06 8.01423e+06 8.24623e+06 8.62864e+06 8.07246e+06 
7.7869e+06 8.00006e+06 8.05388e+06 7.98547e+06 7.96578e+06 8.20253e+06 8.58352e+06 

8.78254e+06 8.23977e+06 7.33579e+06 6.5089e+06 5.86421e+06 5.31139e+06 4.72251e+06 
8.38248e+06 8.77262e+06 8.25207e+06 7.30154e+06 6.47797e+06 5.82174e+06 5.2769e+06 
8.14229e+06 8.38876e+06 8.77703e+06 8.21081e+06 7.26859e+06 6.43143e+06 5.78474e+06 
8.12068e+06 8.11136e+06 8.35171e+06 8.73152e+06 8.1739e+06 7.21144e+06 6.38761e+06 
8.14466e+06 8.08615e+06 8.08128e+06 8.31751e+06 8.69393e+06 8.11721e+06 7.17016e+06 
8.04128e+06 8.09697e+06 8.04296e+06 8.03295e+06 8.26367e+06 8.64246e+06 8.0799e+06 
7.79742e+06 8.01044e+06 8.06648e+06 8.00406e+06 7.98434e+06 8.21817e+06 8.60093e+06 

8.81328e+06 8.23644e+06 7.32544e+06 6.54264e+06 5.89832e+06 5.34055e+06 4.73986e+06 
8.3767e+06 8.76339e+06 8.22829e+06 7.33558e+06 6.51052e+06 5.84638e+06 5.29155e+06 
8.13657e+06 8.37757e+06 8.76494e+06 8.2512e+06 7.3077e+06 6.46087e+06 5.80315e+06 
8.15691e+06 8.14502e+06 8.38922e+06 8.77507e+06 8.21822e+06 7.24589e+06 6.40778e+06 
8.18589e+06 8.1221e+06 8.11622e+06 8.35704e+06 8.73547e+06 8.15164e+06 7.18757e+06 
8.06739e+06 8.12055e+06 8.06705e+06 8.06302e+06 8.29559e+06 8.67335e+06 8.09629e+06 
7.80696e+06 8.01981e+06 8.07751e+06 8.02233e+06 8.006e+06 8.23713e+06 8.61937e+06 

8.70124e+06 8.14596e+06 7.25285e+06 6.47053e+06 5.821e+06 5.27276e+06 4.686e+06 
8.28796e+06 8.67187e+06 8.14984e+06 7.25984e+06 6.42887e+06 5.77701e+06 5.2352e+06 
8.05616e+06 8.29578e+06 8.67798e+06 8.16505e+06 7.21118e+06 6.38068e+06 5.73891e+06 
8.06952e+06 8.06162e+06 8.30299e+06 8.67927e+06 8.10945e+06 7.15509e+06 6.33818e+06 
8.08136e+06 8.02454e+06 8.02046e+06 8.253e+06 8.62563e+06 8.05509e+06 7.11556e+06 
7.98175e+06 8.03679e+06 7.98415e+06 7.973e+06 8.20192e+06 8.57854e+06 8.01831e+06 
7.74621e+06 7.95706e+06 8.01272e+06 7.94955e+06 7.93004e+06 8.16162e+06 8.53888e+06 

8.71949e+06 8.16382e+06 7.23562e+06 6.44887e+06 5.82446e+06 5.27658e+06 4.68661e+06 
8.29184e+06 8.68011e+06 8.13072e+06 7.22887e+06 6.42798e+06 5.77579e+06 5.23055e+06 
8.03445e+06 8.27596e+06 8.6603e+06 8.13164e+06 7.21732e+06 6.38513e+06 5.7384e+06 
8.04912e+06 8.03777e+06 8.27733e+06 8.65624e+06 8.12147e+06 7.16578e+06 6.34185e+06 
8.0956e+06 8.03294e+06 8.02614e+06 8.26362e+06 8.6371e+06 8.06414e+06 7.11644e+06 
7.99047e+06 8.04296e+06 7.98806e+06 7.9829e+06 8.21275e+06 8.5851e+06 8.01898e+06 
7.74444e+06 7.95422e+06 8.00982e+06 7.95525e+06 7.93964e+06 8.16797e+06 8.54549e+06 

8.74411e+06 8.20695e+06 7.26752e+06 6.45148e+06 5.83455e+06 5.30197e+06 4.71037e+06 
8.32129e+06 8.70316e+06 8.15484e+06 7.21632e+06 6.42425e+06 5.78685e+06 5.23928e+06 
8.04682e+06 8.28738e+06 8.67773e+06 8.1173e+06 7.21142e+06 6.39544e+06 5.74501e+06 
8.03712e+06 8.02315e+06 8.26417e+06 8.64684e+06 8.11642e+06 7.1823e+06 6.35316e+06 
8.0962e+06 8.031e+06 8.0217e+06 8.26066e+06 8.6368e+06 8.08368e+06 7.1305e+06 
8.0091e+06 8.06129e+06 8.00168e+06 7.99573e+06 8.2295e+06 8.60133e+06 8.02981e+06 
7.75273e+06 7.96272e+06 8.01588e+06 7.96166e+06 7.95196e+06 8.18002e+06 8.55342e+06 

9.03392e+06 8.45213e+06 7.53082e+06 6.74892e+06 6.10673e+06 5.53789e+06 4.92276e+06 
8.58542e+06 8.98407e+06 8.4448e+06 7.55196e+06 6.72724e+06 6.0494e+06 5.48054e+06 
8.34601e+06 8.59488e+06 8.99127e+06 8.48164e+06 7.54137e+06 6.67559e+06 5.99996e+06 
8.38633e+06 8.37223e+06 8.62278e+06 9.01911e+06 8.4734e+06 7.47927e+06 6.61871e+06 
8.436e+06 8.36856e+06 8.36112e+06 8.61072e+06 9.00089e+06 8.40655e+06 7.41763e+06 
8.31579e+06 8.37002e+06 8.31296e+06 8.30838e+06 8.54945e+06 8.93745e+06 8.34541e+06 
8.0424e+06 8.26161e+06 8.31973e+06 8.26432e+06 8.25206e+06 8.48984e+06 8.87935e+06 

9.04954e+06 8.46795e+06 7.51972e+06 6.7071e+06 6.08984e+06 5.54522e+06 4.9254e+06 
8.58696e+06 8.97795e+06 8.42931e+06 7.49688e+06 6.69929e+06 6.04431e+06 5.47146e+06 
8.31953e+06 8.56782e+06 8.9706e+06 8.4206e+06 7.50916e+06 6.67034e+06 5.99032e+06 
8.33376e+06 8.32007e+06 8.57018e+06 8.96439e+06 8.4388e+06 7.48099e+06 6.6141e+06 
8.41243e+06 8.34426e+06 8.33307e+06 8.58112e+06 8.97227e+06 8.41e+06 7.41267e+06 
8.32152e+06 8.3751e+06 8.31151e+06 8.30628e+06 8.55116e+06 8.93725e+06 8.33795e+06 
8.03532e+06 8.25384e+06 8.30884e+06 8.25507e+06 8.24737e+06 8.4842e+06 8.87163e+06 

9.05992e+06 8.49564e+06 7.54685e+06 6.70792e+06 6.06533e+06 5.54282e+06 4.94429e+06 
8.61484e+06 8.99675e+06 8.44962e+06 7.48778e+06 6.66707e+06 6.03834e+06 5.48239e+06 
8.32941e+06 8.57014e+06 8.97011e+06 8.40642e+06 7.46297e+06 6.65377e+06 5.98971e+06 
8.31683e+06 8.29562e+06 8.54686e+06 8.94866e+06 8.38984e+06 7.46688e+06 6.61702e+06 
8.3709e+06 8.30096e+06 8.28768e+06 8.53663e+06 8.92934e+06 8.3937e+06 7.41933e+06 
8.30869e+06 8.36355e+06 8.2968e+06 8.28904e+06 8.5357e+06 8.92119e+06 8.3417e+06 
8.03813e+06 8.25816e+06 8.31198e+06 8.25333e+06 8.24854e+06 8.48741e+06 8.87041e+06 

8.81071e+06 8.24951e+06 7.30954e+06 6.52503e+06 5.91455e+06 5.37199e+06 4.75719e+06 
8.39022e+06 8.76732e+06 8.21257e+06 7.31252e+06 6.5279e+06 5.87743e+06 5.3077e+06 
8.13906e+06 8.37586e+06 8.75879e+06 8.23166e+06 7.3376e+06 6.50412e+06 5.82673e+06 
8.16744e+06 8.15661e+06 8.39611e+06 8.78165e+06 8.26385e+06 7.31106e+06 6.44962e+06 
8.25064e+06 8.18657e+06 8.17811e+06 8.41977e+06 8.80357e+06 8.24165e+06 7.25187e+06 
8.16767e+06 8.22338e+06 8.1619e+06 8.15547e+06 8.39458e+06 8.78005e+06 8.18542e+06 
7.90156e+06 8.11747e+06 8.17155e+06 8.11529e+06 8.10293e+06 8.33929e+06 8.72833e+06 

8.79854e+06 8.24274e+06 7.30928e+06 6.52975e+06 5.90052e+06 5.36214e+06 4.77571e+06 
8.37503e+06 8.75585e+06 8.19722e+06 7.30271e+06 6.50208e+06 5.8603e+06 5.31672e+06 
8.12679e+06 8.36069e+06 8.73178e+06 8.21551e+06 7.30048e+06 6.48087e+06 5.83139e+06 
8.15341e+06 8.13962e+06 8.37407e+06 8.75747e+06 8.22451e+06 7.28558e+06 6.45527e+06 
8.21138e+06 8.14978e+06 8.13688e+06 8.37772e+06 8.76406e+06 8.2063e+06 7.25529e+06 
8.14078e+06 8.19683e+06 8.1325e+06 8.12472e+06 8.36407e+06 8.74521e+06 8.18166e+06 
7.89872e+06 8.11493e+06 8.16935e+06 8.1117e+06 8.10362e+06 8.33961e+06 8.7245e+06 

8.78464e+06 8.23742e+06 7.3131e+06 6.53629e+06 5.91293e+06 5.36038e+06 4.77355e+06 
8.35729e+06 8.74683e+06 8.19548e+06 7.30454e+06 6.50453e+06 5.8469e+06 5.30874e+06 
8.10596e+06 8.34688e+06 8.72097e+06 8.20056e+06 7.28557e+06 6.45281e+06 5.8131e+06 
8.13836e+06 8.1301e+06 8.3622e+06 8.7357e+06 8.20889e+06 7.25275e+06 6.43665e+06 
8.19483e+06 8.13343e+06 8.11782e+06 8.3544e+06 8.74153e+06 8.17144e+06 7.23507e+06 
8.11009e+06 8.16155e+06 8.09851e+06 8.08439e+06 8.32442e+06 8.70709e+06 8.14742e+06 
7.87705e+06 8.0901e+06 8.14387e+06 8.08029e+06 8.07377e+06 8.30973e+06 8.68591e+06 

9.05812e+06 8.46784e+06 7.52795e+06 6.69828e+06 6.02714e+06 5.47932e+06 4.89386e+06 
8.59219e+06 8.98445e+06 8.43239e+06 7.48209e+06 6.63128e+06 5.98012e+06 5.43689e+06 
8.32496e+06 8.56733e+06 8.95726e+06 8.40765e+06 7.43111e+06 6.59823e+06 5.94836e+06 
8.30675e+06 8.288e+06 8.53442e+06 8.93298e+06 8.35039e+06 7.39354e+06 6.56291e+06 
8.31845e+06 8.25221e+06 8.24018e+06 8.48718e+06 8.87496e+06 8.30477e+06 7.35372e+06 
8.22304e+06 8.27778e+06 8.21611e+06 8.2101e+06 8.4502e+06 8.83201e+06 8.27051e+06 
7.96425e+06 8.18235e+06 8.23859e+06 8.18322e+06 8.17611e+06 8.41308e+06 8.79845e+06 

9.10133e+06 8.50632e+06 7.52842e+06 6.71712e+06 6.06959e+06 5.51737e+06 4.93161e+06 
8.61582e+06 9.01732e+06 8.42736e+06 7.49247e+06 6.67152e+06 6.01668e+06 5.47127e+06 
8.32214e+06 8.56612e+06 8.94998e+06 8.40878e+06 7.47306e+06 6.63377e+06 5.97901e+06 
8.32202e+06 8.30188e+06 8.54398e+06 8.94263e+06 8.39825e+06 7.43275e+06 6.59685e+06 
8.36156e+06 8.29427e+06 8.2811e+06 8.5316e+06 8.9242e+06 8.34864e+06 7.39361e+06 
8.26446e+06 8.32053e+06 8.25567e+06 8.24785e+06 8.49119e+06 8.87711e+06 8.31332e+06 
7.99901e+06 8.21894e+06 8.2734e+06 8.21694e+06 8.2133e+06 8.45323e+06 8.83846e+06 

9.14787e+06 8.55764e+06 7.55426e+06 6.71672e+06 6.08552e+06 5.55967e+06 4.97048e+06 
8.66559e+06 9.06067e+06 8.46125e+06 7.49423e+06 6.69091e+06 6.06137e+06 5.51291e+06 
8.33723e+06 8.58028e+06 8.9703e+06 8.39893e+06 7.47942e+06 6.66968e+06 6.01112e+06 
8.31748e+06 8.29699e+06 8.54066e+06 8.9368e+06 8.40086e+06 7.47461e+06 6.63272e+06 
8.37436e+06 8.30762e+06 8.29379e+06 8.54175e+06 8.93524e+06 8.39646e+06 7.43449e+06 
8.30839e+06 8.36578e+06 8.29862e+06 8.28843e+06 8.53547e+06 8.92574e+06 8.3583e+06 
8.04016e+06 8.26273e+06 8.31692e+06 8.25614e+06 8.2524e+06 8.49601e+06 8.88253e+06 

8.97213e+06 8.38466e+06 7.45259e+06 6.66454e+06 6.03068e+06 5.46653e+06 4.85746e+06 
8.51047e+06 8.90945e+06 8.36098e+06 7.45793e+06 6.6446e+06 5.97302e+06 5.40891e+06 
8.2585e+06 8.50719e+06 8.90064e+06 8.37834e+06 7.45224e+06 6.59384e+06 5.92371e+06 
8.28893e+06 8.27557e+06 8.52289e+06 8.91357e+06 8.37603e+06 7.38988e+06 6.53678e+06 
8.33637e+06 8.27096e+06 8.26628e+06 8.51246e+06 8.89557e+06 8.30464e+06 7.32424e+06 
8.21076e+06 8.26572e+06 8.21219e+06 8.20908e+06 8.44511e+06 8.82771e+06 8.24136e+06 
7.93686e+06 8.15415e+06 8.21296e+06 8.15888e+06 8.14506e+06 8.37969e+06 8.76706e+06 

9.01526e+06 8.43621e+06 7.47567e+06 6.65704e+06 6.03432e+06 5.49322e+06 4.88538e+06 
8.546e+06 8.93802e+06 8.37592e+06 7.43454e+06 6.63461e+06 5.98596e+06 5.42229e+06 
8.26385e+06 8.51012e+06 8.9079e+06 8.35187e+06 7.43823e+06 6.60623e+06 5.93541e+06 
8.26835e+06 8.25268e+06 8.50026e+06 8.89376e+06 8.36333e+06 7.41186e+06 6.55625e+06 
8.33515e+06 8.26795e+06 8.25843e+06 8.50536e+06 8.89269e+06 8.33198e+06 7.34902e+06 
8.23996e+06 8.29469e+06 8.23301e+06 8.22807e+06 8.46955e+06 8.85136e+06 8.26295e+06 
7.95654e+06 8.17411e+06 8.22924e+06 8.17509e+06 8.16772e+06 8.40268e+06 8.78668e+06 

9.03158e+06 8.46694e+06 7.51016e+06 6.66347e+06 6.01867e+06 5.49755e+06 4.90362e+06 
8.58423e+06 8.96592e+06 8.41226e+06 7.44082e+06 6.61817e+06 5.99178e+06 5.44e+06 
8.28658e+06 8.52669e+06 8.92589e+06 8.35314e+06 7.40697e+06 6.60098e+06 5.94168e+06 
8.26056e+06 8.23976e+06 8.48966e+06 8.88921e+06 8.32612e+06 7.40603e+06 6.56301e+06 
8.30942e+06 8.24042e+06 8.22773e+06 8.4746e+06 8.86315e+06 8.32804e+06 7.36181e+06 
8.24442e+06 8.29897e+06 8.23338e+06 8.22615e+06 8.47012e+06 8.85293e+06 8.27844e+06 
7.97265e+06 8.1909e+06 8.24456e+06 8.18737e+06 8.18221e+06 8.41925e+06 8.79978e+06 

9.12319e+06 8.54715e+06 7.60587e+06 6.77378e+06 6.09229e+06 5.49343e+06 4.84923e+06 
8.69189e+06 9.08794e+06 8.53994e+06 7.59068e+06 6.71792e+06 6.00514e+06 5.41071e+06 
8.43261e+06 8.68211e+06 9.08491e+06 8.52898e+06 7.53142e+06 6.6258e+06 5.92342e+06 
8.41952e+06 8.41349e+06 8.66496e+06 9.06214e+06 8.47018e+06 7.43013e+06 6.53912e+06 
8.41511e+06 8.35487e+06 8.35338e+06 8.60034e+06 8.99623e+06 8.36784e+06 7.34328e+06 
8.25546e+06 8.31381e+06 8.26185e+06 8.25457e+06 8.49695e+06 8.89578e+06 8.27109e+06 
7.95376e+06 8.17491e+06 8.23459e+06 8.17249e+06 8.15734e+06 8.39794e+06 8.78687e+06 

9.15301e+06 8.56896e+06 7.61994e+06 6.78264e+06 6.10789e+06 5.525e+06 4.88986e+06 
8.70757e+06 9.10077e+06 8.54698e+06 7.58897e+06 6.72759e+06 6.03286e+06 5.44538e+06 
8.44167e+06 8.68877e+06 9.08736e+06 8.52714e+06 7.54227e+06 6.65706e+06 5.9599e+06 
8.42096e+06 8.41152e+06 8.66113e+06 9.06296e+06 8.48001e+06 7.4652e+06 6.57799e+06 
8.43367e+06 8.37062e+06 8.36355e+06 8.61361e+06 9.01048e+06 8.39973e+06 7.37963e+06 
8.2957e+06 8.35321e+06 8.29455e+06 8.29167e+06 8.53574e+06 8.92808e+06 8.31248e+06 
7.99034e+06 8.21214e+06 8.27064e+06 8.2164e+06 8.20543e+06 8.44503e+06 8.83934e+06 

9.18784e+06 8.59774e+06 7.64582e+06 6.8075e+06 6.11904e+06 5.5479e+06 4.93097e+06 
8.73014e+06 9.123e+06 8.5632e+06 7.60516e+06 6.73163e+06 6.05173e+06 5.48038e+06 
8.46048e+06 8.7042e+06 9.0974e+06 8.54435e+06 7.54224e+06 6.67551e+06 5.99463e+06 
8.43767e+06 8.4244e+06 8.67324e+06 9.07774e+06 8.47947e+06 7.48577e+06 6.6162e+06 
8.43849e+06 8.37492e+06 8.36406e+06 8.6148e+06 9.01307e+06 8.41639e+06 7.41844e+06 
8.32172e+06 8.37915e+06 8.31702e+06 8.31394e+06 8.55922e+06 8.94857e+06 8.35273e+06 
8.03264e+06 8.25536e+06 8.31363e+06 8.25974e+06 8.25233e+06 8.49241e+06 8.88651e+06 

9.11376e+06 8.52389e+06 7.58223e+06 6.77868e+06 6.11509e+06 5.53914e+06 4.9105e+06 
8.67616e+06 9.0678e+06 8.51283e+06 7.59575e+06 6.74802e+06 6.06083e+06 5.47992e+06 
8.43074e+06 8.67452e+06 9.06693e+06 8.54044e+06 7.57138e+06 6.69584e+06 6.00553e+06 
8.45297e+06 8.44151e+06 8.68964e+06 9.08718e+06 8.51737e+06 7.51376e+06 6.63442e+06 
8.48362e+06 8.41965e+06 8.41299e+06 8.66178e+06 9.05836e+06 8.45844e+06 7.44936e+06 
8.36041e+06 8.41808e+06 8.36138e+06 8.35634e+06 8.60105e+06 8.99938e+06 8.39357e+06 
8.0724e+06 8.29609e+06 8.35659e+06 8.29742e+06 8.28391e+06 8.52726e+06 8.92555e+06 

9.14271e+06 8.53209e+06 7.57168e+06 6.76566e+06 6.12913e+06 5.56506e+06 4.92924e+06 
8.67483e+06 9.06311e+06 8.49766e+06 7.5736e+06 6.7573e+06 6.08141e+06 5.49245e+06 
8.41456e+06 8.65823e+06 9.05194e+06 8.51505e+06 7.58478e+06 6.71981e+06 6.01832e+06 
8.43789e+06 8.42541e+06 8.67275e+06 9.07168e+06 8.53149e+06 7.54186e+06 6.65031e+06 
8.50533e+06 8.43811e+06 8.43026e+06 8.68075e+06 9.07455e+06 8.48863e+06 7.46549e+06 
8.38909e+06 8.44627e+06 8.38672e+06 8.38498e+06 8.63051e+06 9.02719e+06 8.41218e+06 
8.08643e+06 8.31023e+06 8.36936e+06 8.31726e+06 8.30748e+06 8.55034e+06 8.95224e+06 

9.19018e+06 8.57806e+06 7.58841e+06 6.76912e+06 6.13465e+06 5.58909e+06 4.96539e+06 
8.70155e+06 9.09049e+06 8.50211e+06 7.56051e+06 6.74974e+06 6.09443e+06 5.51526e+06 
8.41379e+06 8.65563e+06 9.04613e+06 8.49573e+06 7.56914e+06 6.72894e+06 6.03693e+06 
8.42435e+06 8.41012e+06 8.6557e+06 9.05287e+06 8.5136e+06 7.55457e+06 6.67237e+06 
8.49474e+06 8.43027e+06 8.42083e+06 8.66993e+06 9.06587e+06 8.50374e+06 7.49306e+06 
8.40968e+06 8.46933e+06 8.40627e+06 8.4023e+06 8.65016e+06 9.04561e+06 8.4417e+06 
8.11375e+06 8.33959e+06 8.39785e+06 8.34268e+06 8.33706e+06 8.58099e+06 8.98046e+06 

9.21548e+06 8.60972e+06 7.62632e+06 6.80761e+06 6.17205e+06 5.6265e+06 5.0001e+06 
8.72666e+06 9.11788e+06 8.53702e+06 7.59728e+06 6.78386e+06 6.12816e+06 5.54602e+06 
8.43998e+06 8.68429e+06 9.07917e+06 8.53194e+06 7.60208e+06 6.76028e+06 6.06511e+06 
8.45356e+06 8.4392e+06 8.68825e+06 9.08772e+06 8.54589e+06 7.58509e+06 6.69934e+06 
8.52363e+06 8.45889e+06 8.4506e+06 8.70079e+06 9.09622e+06 8.53384e+06 7.51838e+06 
8.43873e+06 8.4986e+06 8.43611e+06 8.43267e+06 8.68047e+06 9.07474e+06 8.46741e+06 
8.13929e+06 8.36553e+06 8.42376e+06 8.36957e+06 8.36452e+06 8.60784e+06 9.0065e+06 

9.23899e+06 8.64145e+06 7.64839e+06 6.82315e+06 6.18176e+06 5.62207e+06 5.0173e+06 
8.74673e+06 9.15445e+06 8.55946e+06 7.60798e+06 6.78844e+06 6.12112e+06 5.56265e+06 
8.44916e+06 8.69996e+06 9.09052e+06 8.53075e+06 7.59439e+06 6.74472e+06 6.07729e+06 
8.45714e+06 8.44325e+06 8.68604e+06 9.07817e+06 8.53958e+06 7.56516e+06 6.71268e+06 
8.51659e+06 8.45227e+06 8.43857e+06 8.68731e+06 9.08713e+06 8.50969e+06 7.5341e+06 
8.43042e+06 8.487e+06 8.42321e+06 8.41386e+06 8.66278e+06 9.05773e+06 8.47792e+06 
8.16518e+06 8.38982e+06 8.44785e+06 8.3873e+06 8.38448e+06 8.62913e+06 9.02096e+06 

9.24967e+06 8.65491e+06 7.65465e+06 6.82334e+06 6.18558e+06 5.62078e+06 5.00194e+06 
8.76776e+06 9.17863e+06 8.58425e+06 7.63065e+06 6.80579e+06 6.1305e+06 5.56287e+06 
8.44885e+06 8.70551e+06 9.10848e+06 8.54175e+06 7.59661e+06 6.73844e+06 6.06455e+06 
8.45137e+06 8.44471e+06 8.6922e+06 9.08021e+06 8.53367e+06 7.54915e+06 6.69382e+06 
8.51231e+06 8.44843e+06 8.43472e+06 8.67858e+06 9.07388e+06 8.49483e+06 7.5121e+06 
8.41871e+06 8.47177e+06 8.40798e+06 8.39273e+06 8.64076e+06 9.03962e+06 8.45007e+06 
8.15952e+06 8.38039e+06 8.43524e+06 8.37142e+06 8.36309e+06 8.60916e+06 8.99863e+06 

9.13213e+06 8.54632e+06 7.6035e+06 6.74843e+06 6.07176e+06 5.52072e+06 4.92646e+06 
8.68087e+06 9.07585e+06 8.5307e+06 7.55107e+06 6.69064e+06 6.03464e+06 5.48368e+06 
8.41342e+06 8.6607e+06 9.06246e+06 8.48874e+06 7.50018e+06 6.66021e+06 6.00261e+06 
8.38558e+06 8.36715e+06 8.619e+06 9.02184e+06 8.42964e+06 7.46503e+06 6.62538e+06 
8.40213e+06 8.33435e+06 8.32319e+06 8.5717e+06 8.96101e+06 8.38824e+06 7.42554e+06 
8.30795e+06 8.36226e+06 8.30064e+06 8.29351e+06 8.5349e+06 8.92103e+06 8.3518e+06 
8.05047e+06 8.26941e+06 8.3255e+06 8.26832e+06 8.25738e+06 8.4965e+06 8.88584e+06 

9.16352e+06 8.56475e+06 7.59664e+06 6.77334e+06 6.10776e+06 5.54947e+06 4.94919e+06 
8.68327e+06 9.08208e+06 8.5062e+06 7.56296e+06 6.71653e+06 6.05258e+06 5.49516e+06 
8.40308e+06 8.6483e+06 9.04202e+06 8.49776e+06 7.52926e+06 6.67918e+06 6.01312e+06 
8.40174e+06 8.38396e+06 8.63272e+06 9.03694e+06 8.4658e+06 7.48958e+06 6.63947e+06 
8.42998e+06 8.36246e+06 8.34936e+06 8.60094e+06 8.99688e+06 8.41536e+06 7.44123e+06 
8.32794e+06 8.38336e+06 8.31749e+06 8.30954e+06 8.55488e+06 8.94268e+06 8.36408e+06 
8.05372e+06 8.27378e+06 8.32786e+06 8.27122e+06 8.26536e+06 8.50533e+06 8.89327e+06 

9.20576e+06 8.60985e+06 7.6004e+06 6.77244e+06 6.13606e+06 5.5899e+06 4.983e+06 
8.71645e+06 9.11684e+06 8.5105e+06 7.55653e+06 6.74414e+06 6.09116e+06 5.5271e+06 
8.39595e+06 8.642e+06 9.03598e+06 8.47596e+06 7.54856e+06 6.71053e+06 6.03584e+06 
8.3925e+06 8.37462e+06 8.6211e+06 9.02188e+06 8.48448e+06 7.5253e+06 6.66388e+06 
8.44995e+06 8.38242e+06 8.36924e+06 8.6209e+06 9.01942e+06 8.45533e+06 7.46873e+06 
8.35876e+06 8.41577e+06 8.34853e+06 8.33999e+06 8.58874e+06 8.9806e+06 8.39358e+06 
8.07103e+06 8.2939e+06 8.34814e+06 8.28957e+06 8.28536e+06 8.52829e+06 8.91749e+06 

9.19781e+06 8.59486e+06 7.62167e+06 6.81668e+06 6.17512e+06 5.60423e+06 4.9824e+06 
8.71368e+06 9.12073e+06 8.54299e+06 7.61989e+06 6.79614e+06 6.11524e+06 5.53955e+06 
8.43479e+06 8.68729e+06 9.08874e+06 8.55426e+06 7.61606e+06 6.74548e+06 6.06064e+06 
8.45928e+06 8.44422e+06 8.69616e+06 9.09633e+06 8.55412e+06 7.55491e+06 6.68297e+06 
8.51136e+06 8.44276e+06 8.43516e+06 8.68774e+06 9.08119e+06 8.48515e+06 7.48393e+06 
8.38481e+06 8.44e+06 8.38236e+06 8.37913e+06 8.62293e+06 9.01429e+06 8.4147e+06 
8.09358e+06 8.3156e+06 8.37463e+06 8.32094e+06 8.31114e+06 8.55115e+06 8.94462e+06 

9.23364e+06 8.63989e+06 7.64873e+06 6.80044e+06 6.16552e+06 5.62153e+06 5.00009e+06 
8.74937e+06 9.14663e+06 8.5686e+06 7.59382e+06 6.77644e+06 6.12193e+06 5.547e+06 
8.44519e+06 8.69599e+06 9.1049e+06 8.52505e+06 7.58839e+06 6.74939e+06 6.06535e+06 
8.43124e+06 8.41605e+06 8.66926e+06 9.06954e+06 8.52343e+06 7.56564e+06 6.69342e+06 
8.49526e+06 8.42674e+06 8.41489e+06 8.66515e+06 9.0607e+06 8.50119e+06 7.49909e+06 
8.40506e+06 8.46002e+06 8.39515e+06 8.3887e+06 8.63708e+06 9.0282e+06 8.42755e+06 
8.10992e+06 8.33188e+06 8.38743e+06 8.33184e+06 8.32624e+06 8.56706e+06 8.95788e+06 

9.23508e+06 8.65726e+06 7.68531e+06 6.8184e+06 6.14721e+06 5.61254e+06 5.01177e+06 
8.77989e+06 9.1712e+06 8.60764e+06 7.61428e+06 6.76015e+06 6.11898e+06 5.56148e+06 
8.47202e+06 8.71706e+06 9.12208e+06 8.53913e+06 7.5551e+06 6.73165e+06 6.0652e+06 
8.4346e+06 8.41399e+06 8.66829e+06 9.07555e+06 8.48625e+06 7.54523e+06 6.69237e+06 
8.46335e+06 8.39439e+06 8.38077e+06 8.63168e+06 9.02921e+06 8.48055e+06 7.50334e+06 
8.39187e+06 8.44768e+06 8.38112e+06 8.37194e+06 8.6209e+06 9.01244e+06 8.43343e+06 
8.11757e+06 8.34075e+06 8.39593e+06 8.33483e+06 8.32869e+06 8.57211e+06 8.96002e+06 

9.22557e+06 8.60624e+06 7.58367e+06 6.74083e+06 6.10333e+06 5.5558e+06 4.93934e+06 
8.70356e+06 9.10019e+06 8.48593e+06 7.51336e+06 6.70005e+06 6.04378e+06 5.47182e+06 
8.36818e+06 8.61299e+06 9.00424e+06 8.42588e+06 7.49613e+06 6.65673e+06 5.97326e+06 
8.33605e+06 8.32234e+06 8.5655e+06 8.95963e+06 8.4184e+06 7.45938e+06 6.5874e+06 
8.37891e+06 8.31602e+06 8.30592e+06 8.55368e+06 8.94757e+06 8.38138e+06 7.38234e+06 
8.27323e+06 8.33213e+06 8.27022e+06 8.26781e+06 8.51359e+06 8.90211e+06 8.3043e+06 
7.96697e+06 8.19068e+06 8.24909e+06 8.19682e+06 8.19493e+06 8.43485e+06 8.8258e+06 

9.29281e+06 8.67686e+06 7.63802e+06 6.77238e+06 6.12253e+06 5.59149e+06 4.99431e+06 
8.759e+06 9.1572e+06 8.531e+06 7.52945e+06 6.70744e+06 6.07107e+06 5.51438e+06 
8.40317e+06 8.6462e+06 9.03401e+06 8.43688e+06 7.49388e+06 6.6781e+06 6.00944e+06 
8.35081e+06 8.33282e+06 8.57503e+06 8.97021e+06 8.4164e+06 7.48556e+06 6.6283e+06 
8.37766e+06 8.31799e+06 8.30718e+06 8.55486e+06 8.95321e+06 8.40777e+06 7.42901e+06 
8.30046e+06 8.36326e+06 8.29885e+06 8.29313e+06 8.54169e+06 8.93071e+06 8.35091e+06 
8.00572e+06 8.23301e+06 8.2914e+06 8.2328e+06 8.2348e+06 8.4772e+06 8.86445e+06 

9.30705e+06 8.70482e+06 7.67465e+06 6.79864e+06 6.13286e+06 5.58592e+06 4.99552e+06 
8.80632e+06 9.21266e+06 8.59276e+06 7.58052e+06 6.73669e+06 6.08405e+06 5.53915e+06 
8.44765e+06 8.69561e+06 9.08671e+06 8.48065e+06 7.51018e+06 6.68068e+06 6.02763e+06 
8.38386e+06 8.36738e+06 8.60866e+06 8.99952e+06 8.42827e+06 7.47833e+06 6.64069e+06 
8.39437e+06 8.33241e+06 8.31806e+06 8.56385e+06 8.96231e+06 8.40064e+06 7.44411e+06 
8.30027e+06 8.35777e+06 8.29632e+06 8.28872e+06 8.53661e+06 8.92968e+06 8.36513e+06 
8.02757e+06 8.25318e+06 8.31422e+06 8.25292e+06 8.25066e+06 8.49528e+06 8.88286e+06 

8.99218e+06 8.46124e+06 7.54394e+06 6.70924e+06 6.05399e+06 5.49598e+06 4.88792e+06 
8.60846e+06 9.00353e+06 8.47898e+06 7.52256e+06 6.68312e+06 6.01751e+06 5.45572e+06 
8.37014e+06 8.62079e+06 9.02143e+06 8.45777e+06 7.4956e+06 6.64582e+06 5.97934e+06 
8.36549e+06 8.35403e+06 8.60361e+06 8.99565e+06 8.42713e+06 7.45284e+06 6.60234e+06 
8.40301e+06 8.34015e+06 8.33329e+06 8.57737e+06 8.96586e+06 8.38682e+06 7.40859e+06 
8.30953e+06 8.36543e+06 8.30829e+06 8.29956e+06 8.53922e+06 8.92819e+06 8.34651e+06 
8.05875e+06 8.2783e+06 8.33626e+06 8.27373e+06 8.25559e+06 8.49558e+06 8.8888e+06 

9.01486e+06 8.46166e+06 7.54053e+06 6.73531e+06 6.08582e+06 5.52996e+06 4.9112e+06 
8.60821e+06 8.99588e+06 8.46419e+06 7.54592e+06 6.71251e+06 6.04668e+06 5.47468e+06 
8.369e+06 8.61368e+06 9.0133e+06 8.48414e+06 7.52942e+06 6.67812e+06 5.99902e+06 
8.39139e+06 8.37724e+06 8.6293e+06 9.02788e+06 8.46633e+06 7.4924e+06 6.62597e+06 
8.44147e+06 8.37433e+06 8.3649e+06 8.61358e+06 9.00531e+06 8.42814e+06 7.43193e+06 
8.34393e+06 8.39849e+06 8.33789e+06 8.33406e+06 8.57734e+06 8.96633e+06 8.37025e+06 
8.07164e+06 8.29145e+06 8.34896e+06 8.29427e+06 8.28152e+06 8.51993e+06 8.91274e+06 

9.05166e+06 8.49521e+06 7.5472e+06 6.74972e+06 6.12503e+06 5.57834e+06 4.95898e+06 
8.6251e+06 9.01362e+06 8.45858e+06 7.5441e+06 6.74191e+06 6.08533e+06 5.5114e+06 
8.36454e+06 8.60811e+06 9.00325e+06 8.47375e+06 7.55821e+06 6.71653e+06 6.03284e+06 
8.39426e+06 8.37746e+06 8.6261e+06 9.02511e+06 8.49755e+06 7.53653e+06 6.66319e+06 
8.47442e+06 8.40527e+06 8.3935e+06 8.64516e+06 9.04213e+06 8.47727e+06 7.47477e+06 
8.38958e+06 8.44513e+06 8.38052e+06 8.37637e+06 8.62432e+06 9.01548e+06 8.41574e+06 
8.10699e+06 8.32933e+06 8.38585e+06 8.33076e+06 8.32374e+06 8.56434e+06 8.95694e+06 

9.21807e+06 8.62478e+06 7.62663e+06 6.79496e+06 6.16379e+06 5.63436e+06 5.0195e+06 
8.73206e+06 9.12236e+06 8.53106e+06 7.57331e+06 6.7682e+06 6.13058e+06 5.55781e+06 
8.43167e+06 8.67434e+06 9.0662e+06 8.50379e+06 7.5818e+06 6.76168e+06 6.07589e+06 
8.43312e+06 8.41668e+06 8.66352e+06 9.06107e+06 8.52395e+06 7.58998e+06 6.71319e+06 
8.50599e+06 8.44326e+06 8.4337e+06 8.68283e+06 9.0806e+06 8.53875e+06 7.5351e+06 
8.44641e+06 8.50841e+06 8.44316e+06 8.43749e+06 8.68723e+06 9.08105e+06 8.48451e+06 
8.15532e+06 8.3833e+06 8.44092e+06 8.38281e+06 8.37987e+06 8.62446e+06 9.02162e+06 

9.22727e+06 8.63956e+06 7.63995e+06 6.80608e+06 6.17274e+06 5.62641e+06 5.02587e+06 
8.75052e+06 9.15533e+06 8.55808e+06 7.59442e+06 6.78595e+06 6.13269e+06 5.57726e+06 
8.43908e+06 8.68848e+06 9.07872e+06 8.50769e+06 7.58314e+06 6.74969e+06 6.08483e+06 
8.43786e+06 8.42213e+06 8.66426e+06 9.05479e+06 8.5235e+06 7.56975e+06 6.71874e+06 
8.50628e+06 8.44256e+06 8.42922e+06 8.67722e+06 9.07684e+06 8.5163e+06 7.54326e+06 
8.4347e+06 8.49268e+06 8.42892e+06 8.42003e+06 8.66949e+06 9.06576e+06 8.49032e+06 
8.17286e+06 8.39927e+06 8.45835e+06 8.39625e+06 8.39187e+06 8.63815e+06 9.03133e+06 

9.2376e+06 8.65287e+06 7.64994e+06 6.80787e+06 6.18071e+06 5.63565e+06 5.01779e+06 
8.7714e+06 9.17517e+06 8.58471e+06 7.61693e+06 6.80618e+06 6.15114e+06 5.58249e+06 
8.44351e+06 8.69765e+06 9.10161e+06 8.52268e+06 7.59238e+06 6.75618e+06 6.07943e+06 
8.43582e+06 8.42683e+06 8.67513e+06 9.0626e+06 8.52279e+06 7.56632e+06 6.70675e+06 
8.50889e+06 8.44534e+06 8.43377e+06 8.67654e+06 9.06878e+06 8.51436e+06 7.52795e+06 
8.43242e+06 8.4878e+06 8.42522e+06 8.41138e+06 8.65923e+06 9.05968e+06 8.47042e+06 
8.17022e+06 8.39356e+06 8.44979e+06 8.38576e+06 8.37627e+06 8.6242e+06 9.01715e+06 

8.99778e+06 8.41101e+06 7.48539e+06 6.69739e+06 6.04771e+06 5.47803e+06 4.86548e+06 
8.54343e+06 8.94015e+06 8.39615e+06 7.49679e+06 6.66423e+06 5.98645e+06 5.41949e+06 
8.29553e+06 8.54255e+06 8.93712e+06 8.42218e+06 7.47232e+06 6.60658e+06 5.93347e+06 
8.32106e+06 8.30796e+06 8.55734e+06 8.95238e+06 8.396e+06 7.4011e+06 6.54466e+06 
8.35106e+06 8.28536e+06 8.2794e+06 8.5267e+06 8.91345e+06 8.31675e+06 7.33246e+06 
8.22024e+06 8.27489e+06 8.2193e+06 8.21416e+06 8.45241e+06 8.83795e+06 8.2478e+06 
7.94119e+06 8.1585e+06 8.21594e+06 8.16012e+06 8.1467e+06 8.38274e+06 8.76918e+06 

9.02231e+06 8.43635e+06 7.4855e+06 6.66726e+06 6.042e+06 5.49121e+06 4.87427e+06 
8.55533e+06 8.94632e+06 8.3928e+06 7.45287e+06 6.64786e+06 5.98773e+06 5.41702e+06 
8.28325e+06 8.53034e+06 8.92936e+06 8.37326e+06 7.45414e+06 6.60945e+06 5.93186e+06 
8.2855e+06 8.27261e+06 8.52008e+06 8.91388e+06 8.38149e+06 7.41553e+06 6.552e+06 
8.34617e+06 8.27941e+06 8.26866e+06 8.51592e+06 8.9063e+06 8.33475e+06 7.34138e+06 
8.23979e+06 8.29379e+06 8.23066e+06 8.22524e+06 8.46822e+06 8.85221e+06 8.25498e+06 
7.94762e+06 8.16472e+06 8.21911e+06 8.16525e+06 8.15694e+06 8.39244e+06 8.7778e+06 

9.04266e+06 8.4759e+06 7.52344e+06 6.67904e+06 6.03096e+06 5.50123e+06 4.89834e+06 
8.59394e+06 8.97497e+06 8.42405e+06 7.45601e+06 6.62857e+06 5.99195e+06 5.43258e+06 
8.30316e+06 8.54333e+06 8.94162e+06 8.37118e+06 7.41998e+06 6.60258e+06 5.93557e+06 
8.27652e+06 8.2583e+06 8.50756e+06 8.90702e+06 8.342e+06 7.40933e+06 6.55655e+06 
8.31633e+06 8.24892e+06 8.23637e+06 8.48346e+06 8.87611e+06 8.33157e+06 7.35322e+06 
8.24007e+06 8.2954e+06 8.22941e+06 8.22118e+06 8.46694e+06 8.85193e+06 8.26721e+06 
7.9577e+06 8.17664e+06 8.23017e+06 8.17112e+06 8.16615e+06 8.40394e+06 8.78487e+06 

8.97736e+06 8.41212e+06 7.42977e+06 6.59767e+06 5.97792e+06 5.46302e+06 4.88677e+06 
8.52776e+06 8.91448e+06 8.32957e+06 7.36712e+06 6.57874e+06 5.96144e+06 5.42737e+06 
8.22821e+06 8.46686e+06 8.84569e+06 8.27091e+06 7.36621e+06 6.57637e+06 5.93512e+06 
8.21922e+06 8.20199e+06 8.43674e+06 8.81758e+06 8.29177e+06 7.38949e+06 6.56787e+06 
8.28986e+06 8.22804e+06 8.21331e+06 8.45297e+06 8.8417e+06 8.31797e+06 7.38021e+06 
8.24786e+06 8.30537e+06 8.23972e+06 8.22829e+06 8.4724e+06 8.86041e+06 8.30958e+06 
8.00632e+06 8.22737e+06 8.28331e+06 8.22004e+06 8.21576e+06 8.45791e+06 8.8443e+06 

8.98223e+06 8.43004e+06 7.45486e+06 6.60933e+06 5.97293e+06 5.45682e+06 4.89723e+06 
8.55204e+06 8.94301e+06 8.36312e+06 7.38444e+06 6.57898e+06 5.96294e+06 5.44498e+06 
8.24854e+06 8.48831e+06 8.86586e+06 8.28104e+06 7.35464e+06 6.56846e+06 5.94482e+06 
8.2228e+06 8.20321e+06 8.43688e+06 8.81612e+06 8.27313e+06 7.3725e+06 6.57187e+06 
8.2747e+06 8.21321e+06 8.19786e+06 8.43635e+06 8.82398e+06 8.29899e+06 7.38763e+06 
8.23466e+06 8.29157e+06 8.22828e+06 8.21554e+06 8.45827e+06 8.84732e+06 8.31702e+06 
8.01334e+06 8.2347e+06 8.29258e+06 8.22638e+06 8.22107e+06 8.46464e+06 8.84896e+06 

8.95758e+06 8.4225e+06 7.46478e+06 6.62024e+06 5.97392e+06 5.4436e+06 4.8787e+06 
8.55852e+06 8.95268e+06 8.38771e+06 7.41492e+06 6.59136e+06 5.95886e+06 5.44158e+06 
8.26585e+06 8.50977e+06 8.89321e+06 8.3122e+06 7.36224e+06 6.56103e+06 5.94195e+06 
8.23185e+06 8.21689e+06 8.45213e+06 8.82834e+06 8.2694e+06 7.35011e+06 6.55638e+06 
8.27474e+06 8.21138e+06 8.19269e+06 8.42896e+06 8.81476e+06 8.27476e+06 7.36787e+06 
8.21817e+06 8.26924e+06 8.20701e+06 8.19425e+06 8.43566e+06 8.82391e+06 8.29453e+06 
8.00285e+06 8.22054e+06 8.27903e+06 8.21491e+06 8.20598e+06 8.44832e+06 8.83374e+06 

9.21539e+06 8.60689e+06 7.59241e+06 6.7533e+06 6.11701e+06 5.56947e+06 4.94876e+06 
8.71033e+06 9.10479e+06 8.49786e+06 7.52991e+06 6.71818e+06 6.06139e+06 5.48473e+06 
8.38427e+06 8.6285e+06 9.01972e+06 8.44556e+06 7.51813e+06 6.6771e+06 5.98791e+06 
8.35705e+06 8.34339e+06 8.58728e+06 8.98219e+06 8.44259e+06 7.48218e+06 6.6033e+06 
8.40026e+06 8.33804e+06 8.32937e+06 8.57757e+06 8.97219e+06 8.40625e+06 7.39961e+06 
8.29286e+06 8.35318e+06 8.29186e+06 8.28948e+06 8.53582e+06 8.92692e+06 8.32419e+06 
7.9813e+06 8.20636e+06 8.26519e+06 8.21221e+06 8.20944e+06 8.4507e+06 8.84381e+06 

9.26898e+06 8.66331e+06 7.63152e+06 6.77141e+06 6.12736e+06 5.60316e+06 4.99977e+06 
8.74988e+06 9.14302e+06 8.52458e+06 7.53077e+06 6.71472e+06 6.08404e+06 5.52143e+06 
8.40301e+06 8.64443e+06 9.0328e+06 8.44175e+06 7.50463e+06 6.69512e+06 6.02e+06 
8.35698e+06 8.33972e+06 8.58314e+06 8.97762e+06 8.42679e+06 7.50549e+06 6.63958e+06 
8.38966e+06 8.33084e+06 8.32127e+06 8.56827e+06 8.96599e+06 8.42949e+06 7.44001e+06 
8.31624e+06 8.38013e+06 8.31636e+06 8.31223e+06 8.56101e+06 8.95032e+06 8.36368e+06 
8.0132e+06 8.24167e+06 8.30106e+06 8.2434e+06 8.24436e+06 8.48688e+06 8.87746e+06 

9.27516e+06 8.68187e+06 7.65933e+06 6.78926e+06 6.12938e+06 5.59113e+06 5.00241e+06 
8.78392e+06 9.1863e+06 8.57304e+06 7.56731e+06 6.73202e+06 6.08876e+06 5.54369e+06 
8.43366e+06 8.67956e+06 9.06857e+06 8.46842e+06 7.50798e+06 6.68809e+06 6.03358e+06 
8.3779e+06 8.36002e+06 8.60137e+06 8.992e+06 8.42642e+06 7.48834e+06 6.64884e+06 
8.39449e+06 8.33323e+06 8.32076e+06 8.56624e+06 8.96252e+06 8.41075e+06 7.4531e+06 
8.30769e+06 8.36706e+06 8.30657e+06 8.30008e+06 8.5472e+06 8.94002e+06 8.3761e+06 
8.03183e+06 8.25868e+06 8.32036e+06 8.25978e+06 8.25782e+06 8.50262e+06 8.89173e+06 

9.2529e+06 8.66085e+06 7.69681e+06 6.87291e+06 6.19992e+06 5.61347e+06 4.9977e+06 
8.7714e+06 9.18176e+06 8.60757e+06 7.66333e+06 6.80386e+06 6.10754e+06 5.54115e+06 
8.49271e+06 8.74574e+06 9.13738e+06 8.58794e+06 7.60416e+06 6.72288e+06 6.04979e+06 
8.48424e+06 8.47655e+06 8.72104e+06 9.11556e+06 8.54375e+06 7.53172e+06 6.67184e+06 
8.48977e+06 8.42998e+06 8.41539e+06 8.66444e+06 9.07133e+06 8.46147e+06 7.47428e+06 
8.36304e+06 8.41961e+06 8.35462e+06 8.34346e+06 8.59369e+06 8.98821e+06 8.39687e+06 
8.07867e+06 8.302e+06 8.35884e+06 8.29691e+06 8.29297e+06 8.53632e+06 8.92473e+06 

9.30445e+06 8.71618e+06 7.72754e+06 6.8931e+06 6.23424e+06 5.64926e+06 5.01549e+06 
8.82679e+06 9.24144e+06 8.65698e+06 7.70264e+06 6.85184e+06 6.15505e+06 5.57162e+06 
8.51474e+06 8.77461e+06 9.18085e+06 8.61789e+06 7.64442e+06 6.7581e+06 6.06684e+06 
8.50146e+06 8.49908e+06 8.75044e+06 9.14489e+06 8.57746e+06 7.55891e+06 6.6844e+06 
8.52202e+06 8.46276e+06 8.45234e+06 8.69821e+06 9.09786e+06 8.49322e+06 7.48712e+06 
8.39228e+06 8.44888e+06 8.3844e+06 8.36662e+06 8.61558e+06 9.01695e+06 8.40892e+06 
8.10405e+06 8.32574e+06 8.37805e+06 8.31277e+06 8.30381e+06 8.55085e+06 8.93927e+06 

9.33511e+06 8.75948e+06 7.76299e+06 6.90759e+06 6.24584e+06 5.67419e+06 5.04333e+06 
8.87753e+06 9.29388e+06 8.70956e+06 7.72796e+06 6.87826e+06 6.19657e+06 5.60995e+06 
8.55054e+06 8.81141e+06 9.22681e+06 8.64713e+06 7.67655e+06 6.80103e+06 6.10515e+06 
8.51898e+06 8.50804e+06 8.76741e+06 9.17378e+06 8.6035e+06 7.59977e+06 6.71438e+06 
8.53973e+06 8.47775e+06 8.47381e+06 8.7262e+06 9.12664e+06 8.53274e+06 7.51348e+06 
8.41691e+06 8.47748e+06 8.41682e+06 8.40376e+06 8.65093e+06 9.04948e+06 8.4392e+06 
8.1286e+06 8.35391e+06 8.40864e+06 8.34108e+06 8.32391e+06 8.57066e+06 8.96271e+06 

8.82886e+06 8.29419e+06 7.34277e+06 6.5149e+06 5.89182e+06 5.38114e+06 4.81478e+06 
8.41441e+06 8.79406e+06 8.23267e+06 7.27662e+06 6.4849e+06 5.87313e+06 5.34952e+06 
8.13042e+06 8.36574e+06 8.73957e+06 8.16864e+06 7.25786e+06 6.47724e+06 5.84899e+06 
8.11713e+06 8.101e+06 8.33252e+06 8.70648e+06 8.17271e+06 7.28051e+06 6.47521e+06 
8.17843e+06 8.11849e+06 8.10426e+06 8.33892e+06 8.72229e+06 8.20351e+06 7.28468e+06 
8.14464e+06 8.2011e+06 8.13809e+06 8.12572e+06 8.36618e+06 8.75016e+06 8.21041e+06 
7.92434e+06 8.1426e+06 8.19897e+06 8.13394e+06 8.12916e+06 8.36861e+06 8.74883e+06 

8.79145e+06 8.27747e+06 7.34338e+06 6.51669e+06 5.87967e+06 5.36192e+06 4.80486e+06 
8.4123e+06 8.7947e+06 8.24466e+06 7.29205e+06 6.48352e+06 5.86574e+06 5.35322e+06 
8.13552e+06 8.37197e+06 8.74486e+06 8.17931e+06 7.24745e+06 6.46255e+06 5.84751e+06 
8.11281e+06 8.0967e+06 8.32754e+06 8.69955e+06 8.1497e+06 7.24979e+06 6.4613e+06 
8.15739e+06 8.09625e+06 8.0803e+06 8.31348e+06 8.69361e+06 8.16642e+06 7.26708e+06 
8.11117e+06 8.16455e+06 8.10404e+06 8.09213e+06 8.33e+06 8.71358e+06 8.18874e+06 
7.9034e+06 8.11999e+06 8.17816e+06 8.11415e+06 8.10658e+06 8.3462e+06 8.72725e+06 

8.73632e+06 8.24221e+06 7.33057e+06 6.51106e+06 5.87349e+06 5.35252e+06 4.79046e+06 
8.38668e+06 8.76896e+06 8.23891e+06 7.29768e+06 6.48537e+06 5.86459e+06 5.34694e+06 
8.1204e+06 8.3595e+06 8.73594e+06 8.18002e+06 7.24417e+06 6.45351e+06 5.83348e+06 
8.0959e+06 8.08327e+06 8.31709e+06 8.68966e+06 8.13412e+06 7.22589e+06 6.43516e+06 
8.13856e+06 8.07853e+06 8.06456e+06 8.29596e+06 8.6696e+06 8.13773e+06 7.23375e+06 
8.08261e+06 8.13556e+06 8.07558e+06 8.06251e+06 8.29677e+06 8.67893e+06 8.1509e+06 
7.87078e+06 8.08504e+06 8.14088e+06 8.07887e+06 8.06696e+06 8.30622e+06 8.68876e+06 

8.59176e+06 8.04646e+06 7.13715e+06 6.38202e+06 5.7958e+06 5.2782e+06 4.6843e+06 
8.16964e+06 8.53592e+06 8.00091e+06 7.13369e+06 6.38117e+06 5.7591e+06 5.20728e+06 
7.92883e+06 8.15864e+06 8.52916e+06 8.02454e+06 7.16695e+06 6.36842e+06 5.7105e+06 
7.96698e+06 7.95427e+06 8.18758e+06 8.56247e+06 8.06896e+06 7.15762e+06 6.31944e+06 
8.05544e+06 7.99406e+06 7.98594e+06 8.22212e+06 8.59612e+06 8.06157e+06 7.10004e+06 
7.98024e+06 8.03636e+06 7.97598e+06 7.97204e+06 8.20596e+06 8.57907e+06 8.00311e+06 
7.71222e+06 7.92458e+06 7.97837e+06 7.92655e+06 7.91943e+06 8.14877e+06 8.52652e+06 

8.61266e+06 8.0753e+06 7.16278e+06 6.40089e+06 5.8033e+06 5.28201e+06 4.71212e+06 
8.19393e+06 8.57156e+06 8.02854e+06 7.15158e+06 6.38749e+06 5.76495e+06 5.23831e+06 
7.93957e+06 8.1729e+06 8.5382e+06 8.02655e+06 7.15369e+06 6.35969e+06 5.73038e+06 
7.97342e+06 7.95995e+06 8.18851e+06 8.55668e+06 8.05483e+06 7.14522e+06 6.34105e+06 
8.04538e+06 7.98461e+06 7.9728e+06 8.2062e+06 8.58187e+06 8.04568e+06 7.12531e+06 
7.9777e+06 8.03164e+06 7.9721e+06 7.9626e+06 8.19663e+06 8.57126e+06 8.02596e+06 
7.74368e+06 7.956e+06 8.01111e+06 7.95145e+06 7.94453e+06 8.17676e+06 8.55012e+06 

8.62241e+06 8.09691e+06 7.17727e+06 6.40027e+06 5.81187e+06 5.28747e+06 4.70678e+06 
8.21068e+06 8.5937e+06 8.05395e+06 7.16136e+06 6.39934e+06 5.77174e+06 5.23787e+06 
7.93837e+06 8.17987e+06 8.55764e+06 8.02583e+06 7.15376e+06 6.35416e+06 5.71985e+06 
7.95886e+06 7.95288e+06 8.185e+06 8.5479e+06 8.04622e+06 7.12936e+06 6.32472e+06 
8.04269e+06 7.98376e+06 7.97216e+06 8.20044e+06 8.57075e+06 8.03462e+06 7.11044e+06 
7.97602e+06 8.02748e+06 7.96681e+06 7.9509e+06 8.18374e+06 8.56015e+06 8.00737e+06 
7.74723e+06 7.95569e+06 8.00654e+06 7.94449e+06 7.93492e+06 8.1676e+06 8.53719e+06 

9.33248e+06 8.71682e+06 7.68953e+06 6.83873e+06 6.20695e+06 5.6828e+06 5.06989e+06 
8.80235e+06 9.20018e+06 8.5905e+06 7.60926e+06 6.80277e+06 6.17062e+06 5.59885e+06 
8.45241e+06 8.69927e+06 9.09982e+06 8.51949e+06 7.59513e+06 6.78006e+06 6.09495e+06 
8.42395e+06 8.40466e+06 8.65603e+06 9.05703e+06 8.51722e+06 7.58921e+06 6.71323e+06 
8.48018e+06 8.41569e+06 8.40718e+06 8.65819e+06 9.05455e+06 8.51854e+06 7.51597e+06 
8.40843e+06 8.47007e+06 8.40658e+06 8.40237e+06 8.65204e+06 9.04326e+06 8.44694e+06 
8.10772e+06 8.33602e+06 8.39416e+06 8.33778e+06 8.33737e+06 8.5808e+06 8.97162e+06 

9.34136e+06 8.73128e+06 7.70002e+06 6.84326e+06 6.20596e+06 5.66017e+06 5.05609e+06 
8.82877e+06 9.24002e+06 8.62329e+06 7.63428e+06 6.81669e+06 6.16223e+06 5.60642e+06 
8.47284e+06 8.72686e+06 9.12816e+06 8.53555e+06 7.59729e+06 6.7642e+06 6.10075e+06 
8.43822e+06 8.42301e+06 8.66924e+06 9.06027e+06 8.5184e+06 7.56579e+06 6.7168e+06 
8.4849e+06 8.41879e+06 8.40358e+06 8.65121e+06 9.05052e+06 8.49305e+06 7.52066e+06 
8.39378e+06 8.4484e+06 8.38541e+06 8.37624e+06 8.6267e+06 9.02233e+06 8.44495e+06 
8.1174e+06 8.34243e+06 8.40181e+06 8.3405e+06 8.33713e+06 8.58274e+06 8.97162e+06 

9.34204e+06 8.74119e+06 7.70741e+06 6.84051e+06 6.20083e+06 5.65499e+06 5.03479e+06 
8.85204e+06 9.26175e+06 8.65117e+06 7.65545e+06 6.82878e+06 6.17335e+06 5.60099e+06 
8.48933e+06 8.74689e+06 9.15965e+06 8.56046e+06 7.61072e+06 6.77137e+06 6.0903e+06 
8.44172e+06 8.43291e+06 8.68617e+06 9.0795e+06 8.52174e+06 7.56068e+06 6.69784e+06 
8.48711e+06 8.42408e+06 8.41347e+06 8.6571e+06 9.04793e+06 8.49183e+06 7.50099e+06 
8.39235e+06 8.44832e+06 8.38455e+06 8.36901e+06 8.61637e+06 9.0168e+06 8.42456e+06 
8.11146e+06 8.3339e+06 8.38752e+06 8.32417e+06 8.31362e+06 8.56192e+06 8.95347e+06 

9.13149e+06 8.54798e+06 7.61806e+06 6.80498e+06 6.12937e+06 5.54568e+06 4.91428e+06 
8.71006e+06 9.10372e+06 8.56089e+06 7.63406e+06 6.77112e+06 6.07596e+06 5.49217e+06 
8.47494e+06 8.72117e+06 9.11844e+06 8.5854e+06 7.59859e+06 6.71257e+06 6.01999e+06 
8.49247e+06 8.4817e+06 8.73279e+06 9.13258e+06 8.54872e+06 7.5319e+06 6.65054e+06 
8.51025e+06 8.44735e+06 8.44296e+06 8.69186e+06 9.09082e+06 8.48252e+06 7.47092e+06 
8.38079e+06 8.43956e+06 8.38395e+06 8.37429e+06 8.61958e+06 9.02305e+06 8.41463e+06 
8.09752e+06 8.32172e+06 8.38134e+06 8.31512e+06 8.29771e+06 8.54369e+06 8.94115e+06 

9.15448e+06 8.54906e+06 7.60259e+06 6.79591e+06 6.14598e+06 5.56858e+06 4.92759e+06 
8.70498e+06 9.09614e+06 8.54204e+06 7.61924e+06 6.78599e+06 6.09587e+06 5.50217e+06 
8.46011e+06 8.70592e+06 9.10384e+06 8.5699e+06 7.62067e+06 6.7382e+06 6.03281e+06 
8.4869e+06 8.47496e+06 8.72543e+06 9.12725e+06 8.57375e+06 7.5627e+06 6.6664e+06 
8.53738e+06 8.47078e+06 8.46526e+06 8.71702e+06 9.11451e+06 8.51268e+06 7.48357e+06 
8.40663e+06 8.46459e+06 8.40685e+06 8.40211e+06 8.64826e+06 9.04995e+06 8.42968e+06 
8.10547e+06 8.3298e+06 8.38895e+06 8.33102e+06 8.31668e+06 8.56148e+06 8.96308e+06 

9.19719e+06 8.58024e+06 7.6081e+06 6.79693e+06 6.15303e+06 5.59111e+06 4.95743e+06 
8.72368e+06 9.11358e+06 8.53809e+06 7.60831e+06 6.78472e+06 6.11137e+06 5.52355e+06 
8.45797e+06 8.70104e+06 9.09509e+06 8.55654e+06 7.61701e+06 6.7545e+06 6.05394e+06 
8.48135e+06 8.46732e+06 8.71587e+06 9.1181e+06 8.57089e+06 7.58489e+06 6.69244e+06 
8.5422e+06 8.47534e+06 8.46685e+06 8.71902e+06 9.11771e+06 8.53494e+06 7.51116e+06 
8.43095e+06 8.48951e+06 8.42794e+06 8.42453e+06 8.67257e+06 9.0716e+06 8.45814e+06 
8.12786e+06 8.35352e+06 8.41234e+06 8.35667e+06 8.34622e+06 8.59114e+06 8.99438e+06 

8.42157e+06 7.88828e+06 7.01704e+06 6.28379e+06 5.69503e+06 5.17212e+06 4.6076e+06 
8.02583e+06 8.40027e+06 7.88817e+06 7.04767e+06 6.29173e+06 5.66873e+06 5.14628e+06 
7.80902e+06 8.04192e+06 8.41314e+06 7.9303e+06 7.06979e+06 6.27211e+06 5.65028e+06 
7.86552e+06 7.84806e+06 8.08166e+06 8.45307e+06 7.95745e+06 7.04123e+06 6.24744e+06 
7.94671e+06 7.87926e+06 7.87035e+06 8.10524e+06 8.46907e+06 7.92365e+06 7.01229e+06 
7.8626e+06 7.91154e+06 7.85668e+06 7.85249e+06 8.07764e+06 8.44133e+06 7.90142e+06 
7.63821e+06 7.84305e+06 7.89747e+06 7.84486e+06 7.82979e+06 8.05354e+06 8.42342e+06 

8.39209e+06 7.88153e+06 6.99894e+06 6.23982e+06 5.65732e+06 5.15104e+06 4.5887e+06 
8.00131e+06 8.367e+06 7.852e+06 6.97909e+06 6.23136e+06 5.62536e+06 5.10474e+06 
7.76544e+06 7.99497e+06 8.36554e+06 7.85331e+06 6.99973e+06 6.22257e+06 5.60234e+06 
7.7917e+06 7.77439e+06 8.0053e+06 8.37641e+06 7.88307e+06 6.99366e+06 6.20088e+06 
7.87877e+06 7.8116e+06 7.79874e+06 8.03213e+06 8.39873e+06 7.87521e+06 6.96476e+06 
7.81722e+06 7.86604e+06 7.80462e+06 7.79749e+06 8.02602e+06 8.38651e+06 7.84515e+06 
7.58549e+06 7.7892e+06 7.83968e+06 7.78542e+06 7.77674e+06 7.99943e+06 8.36318e+06 

8.32648e+06 7.84512e+06 6.98921e+06 6.21708e+06 5.61647e+06 5.12236e+06 4.56409e+06 
7.97724e+06 8.32874e+06 7.83951e+06 6.95607e+06 6.18773e+06 5.59439e+06 5.07764e+06 
7.7432e+06 7.96614e+06 8.3361e+06 7.81965e+06 6.93655e+06 6.17516e+06 5.55919e+06 
7.74737e+06 7.72994e+06 7.96181e+06 8.33425e+06 7.81171e+06 6.94218e+06 6.1546e+06 
7.80855e+06 7.74311e+06 7.72849e+06 7.95905e+06 8.32653e+06 7.81994e+06 6.91625e+06 
7.76007e+06 7.80936e+06 7.7448e+06 7.73404e+06 7.96439e+06 8.32653e+06 7.78845e+06 
7.5315e+06 7.73459e+06 7.78282e+06 7.72472e+06 7.71724e+06 7.94113e+06 8.29911e+06 

9.20014e+06 8.61966e+06 7.62902e+06 6.80245e+06 6.17036e+06 5.61242e+06 5.00423e+06 
8.7231e+06 9.13382e+06 8.54526e+06 7.59439e+06 6.77978e+06 6.11336e+06 5.55392e+06 
8.40297e+06 8.65852e+06 9.05708e+06 8.49321e+06 7.56115e+06 6.713e+06 6.04715e+06 
8.39629e+06 8.38613e+06 8.63173e+06 9.01951e+06 8.48317e+06 7.51023e+06 6.6627e+06 
8.44845e+06 8.38432e+06 8.37092e+06 8.61592e+06 9.01053e+06 8.43742e+06 7.46479e+06 
8.34715e+06 8.40104e+06 8.33829e+06 8.32528e+06 8.57219e+06 8.96618e+06 8.38539e+06 
8.07923e+06 8.3004e+06 8.35627e+06 8.29383e+06 8.28769e+06 8.53177e+06 8.91768e+06 

9.22962e+06 8.66144e+06 7.6677e+06 6.82586e+06 6.18929e+06 5.63788e+06 5.02074e+06 
8.77931e+06 9.18904e+06 8.60573e+06 7.63856e+06 6.81822e+06 6.15944e+06 5.58623e+06 
8.45088e+06 8.70845e+06 9.11684e+06 8.54358e+06 7.6061e+06 6.7584e+06 6.07569e+06 
8.42635e+06 8.41569e+06 8.66949e+06 9.06749e+06 8.51959e+06 7.54686e+06 6.68206e+06 
8.47682e+06 8.41351e+06 8.40602e+06 8.65281e+06 9.04342e+06 8.47637e+06 7.48282e+06 
8.38061e+06 8.43854e+06 8.37505e+06 8.35888e+06 8.60393e+06 9.00163e+06 8.40961e+06 
8.10958e+06 8.33174e+06 8.38351e+06 8.31817e+06 8.30411e+06 8.55176e+06 8.94296e+06 

9.23503e+06 8.68273e+06 7.69498e+06 6.84259e+06 6.19273e+06 5.64576e+06 5.03114e+06 
8.81369e+06 9.22041e+06 8.64389e+06 7.66497e+06 6.83166e+06 6.17609e+06 5.60542e+06 
8.50043e+06 8.75518e+06 9.16816e+06 8.59044e+06 7.63568e+06 6.79294e+06 6.11475e+06 
8.46309e+06 8.44552e+06 8.70338e+06 9.10846e+06 8.54804e+06 7.5853e+06 6.71672e+06 
8.49988e+06 8.4331e+06 8.42476e+06 8.67737e+06 9.07671e+06 8.51246e+06 7.51337e+06 
8.40753e+06 8.46516e+06 8.40296e+06 8.3939e+06 8.64153e+06 9.03607e+06 8.44407e+06 
8.13222e+06 8.35694e+06 8.41372e+06 8.3488e+06 8.33149e+06 8.57654e+06 8.97086e+06 

9.04985e+06 8.46152e+06 7.54156e+06 6.68883e+06 5.9966e+06 5.43132e+06 4.82914e+06 
8.61041e+06 8.99661e+06 8.46465e+06 7.48985e+06 6.6117e+06 5.94053e+06 5.38413e+06 
8.36011e+06 8.60261e+06 8.98933e+06 8.41581e+06 7.40486e+06 6.55184e+06 5.88925e+06 
8.31593e+06 8.30936e+06 8.55134e+06 8.94061e+06 8.33047e+06 7.35033e+06 6.50741e+06 
8.29949e+06 8.24492e+06 8.23557e+06 8.47423e+06 8.86552e+06 8.27985e+06 7.31399e+06 
8.19538e+06 8.2546e+06 8.19326e+06 8.17859e+06 8.41995e+06 8.81355e+06 8.23756e+06 
7.92576e+06 8.14526e+06 8.20029e+06 8.13435e+06 8.12233e+06 8.36521e+06 8.75335e+06 

9.05572e+06 8.46732e+06 7.53974e+06 6.71326e+06 6.02572e+06 5.44666e+06 4.83298e+06 
8.61515e+06 9.00706e+06 8.46362e+06 7.52116e+06 6.64644e+06 5.95923e+06 5.39282e+06 
8.36196e+06 8.60611e+06 8.99629e+06 8.45038e+06 7.44696e+06 6.57359e+06 5.90078e+06 
8.34571e+06 8.33712e+06 8.58283e+06 8.97554e+06 8.37375e+06 7.36923e+06 6.51384e+06 
8.33759e+06 8.27782e+06 8.27224e+06 8.51485e+06 8.90454e+06 8.30004e+06 7.31851e+06 
8.20996e+06 8.26714e+06 8.21285e+06 8.20341e+06 8.44264e+06 8.83581e+06 8.24712e+06 
7.93891e+06 8.15854e+06 8.2174e+06 8.15432e+06 8.13967e+06 8.38066e+06 8.77014e+06 

9.06822e+06 8.47736e+06 7.53657e+06 6.72462e+06 6.05944e+06 5.47575e+06 4.8505e+06 
8.61821e+06 9.01285e+06 8.45883e+06 7.53092e+06 6.68037e+06 5.98637e+06 5.40923e+06 
8.3592e+06 8.60544e+06 8.99881e+06 8.46018e+06 7.48894e+06 6.60585e+06 5.92056e+06 
8.36204e+06 8.35236e+06 8.59893e+06 8.99264e+06 8.41966e+06 7.40412e+06 6.53475e+06 
8.38e+06 8.31622e+06 8.31158e+06 8.55732e+06 8.94675e+06 8.33615e+06 7.33848e+06 
8.24308e+06 8.29901e+06 8.24614e+06 8.23974e+06 8.47977e+06 8.87433e+06 8.27199e+06 
7.96844e+06 8.18822e+06 8.24776e+06 8.18877e+06 8.17612e+06 8.41644e+06 8.80649e+06 

9.2851e+06 8.67284e+06 7.65188e+06 6.80614e+06 6.17249e+06 5.6406e+06 5.02295e+06 
8.7564e+06 9.15278e+06 8.54643e+06 7.57218e+06 6.76234e+06 6.12166e+06 5.54629e+06 
8.41415e+06 8.66055e+06 9.05943e+06 8.48302e+06 7.55529e+06 6.7311e+06 6.04306e+06 
8.38602e+06 8.36986e+06 8.61979e+06 9.01856e+06 8.47638e+06 7.53727e+06 6.65901e+06 
8.43508e+06 8.37219e+06 8.36403e+06 8.61344e+06 9.00816e+06 8.46191e+06 7.45563e+06 
8.3485e+06 8.40965e+06 8.34657e+06 8.34285e+06 8.59086e+06 8.97958e+06 8.37786e+06 
8.03445e+06 8.26061e+06 8.31802e+06 8.26384e+06 8.26386e+06 8.50474e+06 8.89364e+06 

9.28841e+06 8.6826e+06 7.66358e+06 6.81438e+06 6.17351e+06 5.61884e+06 5.01584e+06 
8.7772e+06 9.18876e+06 8.57778e+06 7.5966e+06 6.77689e+06 6.11437e+06 5.55841e+06 
8.42916e+06 8.6825e+06 9.07887e+06 8.49287e+06 7.55464e+06 6.71161e+06 6.04774e+06 
8.39537e+06 8.38078e+06 8.62469e+06 9.01547e+06 8.47425e+06 7.50849e+06 6.65948e+06 
8.43502e+06 8.37044e+06 8.35689e+06 8.60482e+06 9.00289e+06 8.43168e+06 7.45945e+06 
8.33034e+06 8.38591e+06 8.32438e+06 8.31678e+06 8.56481e+06 8.95698e+06 8.37869e+06 
8.04681e+06 8.27082e+06 8.33019e+06 8.27077e+06 8.26791e+06 8.51105e+06 8.89726e+06 

9.29416e+06 8.69599e+06 7.67281e+06 6.81491e+06 6.17708e+06 5.62499e+06 4.99982e+06 
8.80621e+06 9.21378e+06 8.60984e+06 7.62548e+06 6.79966e+06 6.13662e+06 5.56126e+06 
8.44963e+06 8.70638e+06 9.11711e+06 8.52492e+06 7.57642e+06 6.72997e+06 6.04697e+06 
8.40645e+06 8.4e+06 8.65151e+06 9.04165e+06 8.48641e+06 7.51758e+06 6.65221e+06 
8.44737e+06 8.38519e+06 8.3744e+06 8.61687e+06 9.00825e+06 8.44473e+06 7.4499e+06 
8.34306e+06 8.39817e+06 8.33532e+06 8.32056e+06 8.56764e+06 8.96658e+06 8.36864e+06 
8.05309e+06 8.27431e+06 8.3284e+06 8.26569e+06 8.25572e+06 8.50206e+06 8.89083e+06 

8.77111e+06 8.26021e+06 7.36365e+06 6.5488e+06 5.90982e+06 5.36378e+06 4.77137e+06 
8.41384e+06 8.79959e+06 8.28563e+06 7.35126e+06 6.53299e+06 5.88228e+06 5.33505e+06 
8.19008e+06 8.43449e+06 8.8241e+06 8.27275e+06 7.33543e+06 6.5047e+06 5.85512e+06 
8.19386e+06 8.18274e+06 8.42509e+06 8.80793e+06 8.25531e+06 7.30236e+06 6.4735e+06 
8.242e+06 8.18023e+06 8.17235e+06 8.41079e+06 8.79193e+06 8.226e+06 7.27311e+06 
8.16036e+06 8.21487e+06 8.15723e+06 8.14647e+06 8.38158e+06 8.76481e+06 8.19966e+06 
7.92404e+06 8.13876e+06 8.19449e+06 8.13083e+06 8.1114e+06 8.34807e+06 8.73534e+06 

8.77466e+06 8.24221e+06 7.34883e+06 6.56269e+06 5.92988e+06 5.3876e+06 4.78275e+06 
8.39487e+06 8.77101e+06 8.25722e+06 7.36108e+06 6.54817e+06 5.89808e+06 5.34001e+06 
8.17472e+06 8.41294e+06 8.80276e+06 8.28507e+06 7.35316e+06 6.523e+06 5.86104e+06 
8.20289e+06 8.18988e+06 8.43512e+06 8.82237e+06 8.27434e+06 7.32502e+06 6.48021e+06 
8.25915e+06 8.19353e+06 8.18365e+06 8.42529e+06 8.80825e+06 8.24656e+06 7.275e+06 
8.17119e+06 8.2239e+06 8.16448e+06 8.15958e+06 8.39755e+06 8.77951e+06 8.19839e+06 
7.91554e+06 8.13008e+06 8.18641e+06 8.13113e+06 8.11699e+06 8.35085e+06 8.73685e+06 

8.797e+06 8.25914e+06 7.34284e+06 6.56906e+06 5.96192e+06 5.42813e+06 4.82259e+06 
8.39324e+06 8.76953e+06 8.2346e+06 7.34753e+06 6.5676e+06 5.92667e+06 5.36538e+06 
8.1527e+06 8.38932e+06 8.77322e+06 8.25998e+06 7.37041e+06 6.5484e+06 5.87959e+06 
8.19057e+06 8.17489e+06 8.41656e+06 8.80491e+06 8.29231e+06 7.35329e+06 6.50029e+06 
8.27661e+06 8.20928e+06 8.19836e+06 8.44297e+06 8.82889e+06 8.27758e+06 7.29874e+06 
8.19657e+06 8.25097e+06 8.18809e+06 8.18304e+06 8.42438e+06 8.80778e+06 8.222e+06 
7.9252e+06 8.14191e+06 8.19662e+06 8.14214e+06 8.13425e+06 8.36988e+06 8.75493e+06 

8.92843e+06 8.36904e+06 7.40698e+06 6.5975e+06 5.97708e+06 5.46312e+06 4.8779e+06 
8.49351e+06 8.87418e+06 8.303e+06 7.36995e+06 6.58178e+06 5.96486e+06 5.41965e+06 
8.21153e+06 8.44655e+06 8.82445e+06 8.27834e+06 7.37559e+06 6.58222e+06 5.92825e+06 
8.22157e+06 8.20275e+06 8.44123e+06 8.82849e+06 8.30155e+06 7.39677e+06 6.55821e+06 
8.29294e+06 8.23045e+06 8.21955e+06 8.46236e+06 8.8512e+06 8.32553e+06 7.36682e+06 
8.24461e+06 8.3043e+06 8.24023e+06 8.2323e+06 8.4753e+06 8.8613e+06 8.29732e+06 
7.98962e+06 8.21187e+06 8.26832e+06 8.20652e+06 8.1988e+06 8.43974e+06 8.82899e+06 

8.92443e+06 8.37183e+06 7.40979e+06 6.59936e+06 5.98877e+06 5.45903e+06 4.86648e+06 
8.49323e+06 8.88247e+06 8.31402e+06 7.38145e+06 6.59504e+06 5.95862e+06 5.41482e+06 
8.20376e+06 8.44702e+06 8.83285e+06 8.27713e+06 7.37454e+06 6.56526e+06 5.918e+06 
8.21336e+06 8.20183e+06 8.43908e+06 8.8147e+06 8.29479e+06 7.37045e+06 6.54291e+06 
8.29107e+06 8.2275e+06 8.21248e+06 8.45013e+06 8.83864e+06 8.30009e+06 7.35106e+06 
8.22843e+06 8.28114e+06 8.21842e+06 8.20559e+06 8.44947e+06 8.83844e+06 8.27387e+06 
7.98344e+06 8.2014e+06 8.25781e+06 8.19284e+06 8.18482e+06 8.42556e+06 8.80886e+06 

8.92069e+06 8.37026e+06 7.40518e+06 6.59475e+06 5.98972e+06 5.45894e+06 4.85928e+06 
8.49574e+06 8.88885e+06 8.32162e+06 7.38988e+06 6.60768e+06 5.97165e+06 5.41701e+06 
8.19757e+06 8.44537e+06 8.83784e+06 8.28216e+06 7.38759e+06 6.57169e+06 5.91131e+06 
8.20033e+06 8.19177e+06 8.43401e+06 8.81375e+06 8.29558e+06 7.36071e+06 6.5239e+06 
8.28516e+06 8.22384e+06 8.21398e+06 8.45082e+06 8.83076e+06 8.28874e+06 7.32797e+06 
8.2182e+06 8.27339e+06 8.20993e+06 8.19321e+06 8.43278e+06 8.8228e+06 8.2506e+06 
7.97214e+06 8.18809e+06 8.23896e+06 8.17457e+06 8.16104e+06 8.40315e+06 8.78802e+06 

8.7922e+06 8.22167e+06 7.33138e+06 6.54844e+06 5.9047e+06 5.34728e+06 4.73778e+06 
8.38508e+06 8.76224e+06 8.2459e+06 7.35325e+06 6.5293e+06 5.8642e+06 5.30051e+06 
8.1672e+06 8.40439e+06 8.7893e+06 8.27448e+06 7.33235e+06 6.4835e+06 5.81562e+06 
8.19055e+06 8.17994e+06 8.42279e+06 8.80958e+06 8.25458e+06 7.28209e+06 6.43069e+06 
8.22537e+06 8.16402e+06 8.15775e+06 8.39871e+06 8.78654e+06 8.20687e+06 7.2284e+06 
8.12046e+06 8.17672e+06 8.11885e+06 8.10814e+06 8.3467e+06 8.73571e+06 8.14788e+06 
7.85613e+06 8.07186e+06 8.12714e+06 8.06173e+06 8.04329e+06 8.28074e+06 8.66464e+06 

8.81634e+06 8.23046e+06 7.3171e+06 6.54379e+06 5.92927e+06 5.37109e+06 4.75096e+06 
8.38788e+06 8.76575e+06 8.23159e+06 7.34544e+06 6.55514e+06 5.88792e+06 5.31351e+06 
8.1555e+06 8.39361e+06 8.77976e+06 8.26452e+06 7.36679e+06 6.51243e+06 5.83007e+06 
8.19284e+06 8.1799e+06 8.42168e+06 8.80963e+06 8.29124e+06 7.3117e+06 6.44595e+06 
8.26283e+06 8.19566e+06 8.19045e+06 8.4344e+06 8.81858e+06 8.23746e+06 7.24399e+06 
8.14533e+06 8.20017e+06 8.14421e+06 8.137e+06 8.37554e+06 8.76751e+06 8.16743e+06 
7.87258e+06 8.08857e+06 8.14444e+06 8.08504e+06 8.06975e+06 8.30789e+06 8.69467e+06 

8.85598e+06 8.27272e+06 7.32937e+06 6.5449e+06 5.93608e+06 5.40099e+06 4.78537e+06 
8.41411e+06 8.78784e+06 8.23166e+06 7.33176e+06 6.55022e+06 5.90696e+06 5.33538e+06 
8.15819e+06 8.3927e+06 8.77634e+06 8.25122e+06 7.3602e+06 6.53403e+06 5.85353e+06 
8.1839e+06 8.17026e+06 8.41126e+06 8.80008e+06 8.28392e+06 7.34127e+06 6.47454e+06 
8.26372e+06 8.19846e+06 8.18977e+06 8.43341e+06 8.82011e+06 8.26771e+06 7.27276e+06 
8.17732e+06 8.23403e+06 8.1715e+06 8.16549e+06 8.40706e+06 8.79461e+06 8.1973e+06 
7.89588e+06 8.11358e+06 8.16792e+06 8.11106e+06 8.09992e+06 8.33762e+06 8.72688e+06 

9.10782e+06 8.52327e+06 7.57839e+06 6.77353e+06 6.12269e+06 5.54116e+06 4.8956e+06 
8.67161e+06 9.06489e+06 8.5127e+06 7.59359e+06 6.757e+06 6.06164e+06 5.46423e+06 
8.42254e+06 8.67033e+06 9.07056e+06 8.53676e+06 7.58295e+06 6.6953e+06 5.98803e+06 
8.44776e+06 8.43953e+06 8.69103e+06 9.08735e+06 8.52983e+06 7.51313e+06 6.61514e+06 
8.48803e+06 8.4261e+06 8.4248e+06 8.67299e+06 9.06834e+06 8.46179e+06 7.42954e+06 
8.35424e+06 8.41387e+06 8.36013e+06 8.35393e+06 8.59785e+06 8.99862e+06 8.37257e+06 
8.05443e+06 8.27808e+06 8.33789e+06 8.27656e+06 8.26036e+06 8.50325e+06 8.89943e+06 

9.13292e+06 8.53611e+06 7.5746e+06 6.767e+06 6.13715e+06 5.56958e+06 4.92321e+06 
8.67898e+06 9.06803e+06 8.50521e+06 7.57918e+06 6.7684e+06 6.08746e+06 5.48822e+06 
8.41704e+06 8.66312e+06 9.06185e+06 8.52048e+06 7.59797e+06 6.72537e+06 6.01312e+06 
8.44253e+06 8.43186e+06 8.68153e+06 9.08049e+06 8.5464e+06 7.54842e+06 6.64507e+06 
8.51678e+06 8.45037e+06 8.44552e+06 8.69596e+06 9.08883e+06 8.49866e+06 7.46084e+06 
8.39351e+06 8.45167e+06 8.39372e+06 8.3917e+06 8.6367e+06 9.03496e+06 8.40776e+06 
8.08387e+06 8.3077e+06 8.36647e+06 8.31376e+06 8.30198e+06 8.54477e+06 8.94649e+06 

9.16877e+06 8.57233e+06 7.6017e+06 6.78566e+06 6.1409e+06 5.5918e+06 4.96666e+06 
8.70096e+06 9.08896e+06 8.51589e+06 7.58053e+06 6.75752e+06 6.09866e+06 5.51767e+06 
8.42734e+06 8.66923e+06 9.06098e+06 8.51921e+06 7.57798e+06 6.73281e+06 6.0393e+06 
8.44109e+06 8.42696e+06 8.67501e+06 9.07502e+06 8.5233e+06 7.55826e+06 6.67388e+06 
8.50068e+06 8.43659e+06 8.42846e+06 8.67832e+06 9.07439e+06 8.50697e+06 7.4929e+06 
8.41162e+06 8.47173e+06 8.40957e+06 8.40592e+06 8.65296e+06 9.04734e+06 8.44154e+06 
8.11615e+06 8.34204e+06 8.40044e+06 8.34482e+06 8.33733e+06 8.58073e+06 8.98047e+06 

8.87741e+06 8.30639e+06 7.3558e+06 6.57578e+06 5.96898e+06 5.44972e+06 4.85992e+06 
8.43169e+06 8.8121e+06 8.24586e+06 7.34846e+06 6.574e+06 5.951e+06 5.40186e+06 
8.16563e+06 8.40049e+06 8.77816e+06 8.2593e+06 7.3754e+06 6.57378e+06 5.91604e+06 
8.19805e+06 8.17923e+06 8.41831e+06 8.80702e+06 8.29734e+06 7.38218e+06 6.54053e+06 
8.28503e+06 8.21927e+06 8.20694e+06 8.45177e+06 8.83892e+06 8.30495e+06 7.34137e+06 
8.2247e+06 8.28167e+06 8.21595e+06 8.20987e+06 8.4521e+06 8.83503e+06 8.26586e+06 
7.9598e+06 8.17903e+06 8.23355e+06 8.17721e+06 8.17014e+06 8.40821e+06 8.7964e+06 

8.89329e+06 8.33471e+06 7.38514e+06 6.58884e+06 5.9752e+06 5.44742e+06 4.86772e+06 
8.45647e+06 8.84626e+06 8.28206e+06 7.366e+06 6.5789e+06 5.94698e+06 5.41409e+06 
8.17488e+06 8.41615e+06 8.79659e+06 8.25785e+06 7.35526e+06 6.55088e+06 5.91487e+06 
8.19462e+06 8.17979e+06 8.41574e+06 8.7931e+06 8.27316e+06 7.35278e+06 6.53828e+06 
8.26662e+06 8.20132e+06 8.18499e+06 8.42395e+06 8.81215e+06 8.2743e+06 7.34144e+06 
8.20539e+06 8.25743e+06 8.19401e+06 8.18079e+06 8.42384e+06 8.81032e+06 8.25909e+06 
7.9686e+06 8.1859e+06 8.24182e+06 8.17638e+06 8.16889e+06 8.40924e+06 8.7905e+06 

8.88933e+06 8.34171e+06 7.38439e+06 6.57735e+06 5.97291e+06 5.4412e+06 4.85009e+06 
8.46767e+06 8.86301e+06 8.29991e+06 7.37163e+06 6.5902e+06 5.95458e+06 5.40865e+06 
8.17659e+06 8.42526e+06 8.81581e+06 8.26208e+06 7.3685e+06 6.55427e+06 5.9041e+06 
8.18099e+06 8.17238e+06 8.41284e+06 8.7905e+06 8.2743e+06 7.3399e+06 6.51585e+06 
8.26392e+06 8.20226e+06 8.19043e+06 8.42635e+06 8.80583e+06 8.26286e+06 7.31693e+06 
8.19929e+06 8.253e+06 8.18833e+06 8.1694e+06 8.40847e+06 8.79736e+06 8.23577e+06 
7.9627e+06 8.17702e+06 8.22674e+06 8.16094e+06 8.14731e+06 8.38922e+06 8.77212e+06 

9.25458e+06 8.66467e+06 7.68425e+06 6.86716e+06 6.21499e+06 5.64107e+06 5.0292e+06 
8.77188e+06 9.1864e+06 8.60126e+06 7.66432e+06 6.82656e+06 6.14326e+06 5.58096e+06 
8.48208e+06 8.73817e+06 9.13462e+06 8.58747e+06 7.62861e+06 6.76182e+06 6.09325e+06 
8.49994e+06 8.49116e+06 8.73772e+06 9.12839e+06 8.57462e+06 7.57913e+06 6.72689e+06 
8.54567e+06 8.48317e+06 8.46974e+06 8.71684e+06 9.11669e+06 8.52365e+06 7.54544e+06 
8.44541e+06 8.5003e+06 8.43746e+06 8.42546e+06 8.67368e+06 9.06911e+06 8.48518e+06 
8.18533e+06 8.40829e+06 8.46566e+06 8.40343e+06 8.39742e+06 8.64177e+06 9.03232e+06 

9.28567e+06 8.70004e+06 7.70808e+06 6.87587e+06 6.22792e+06 5.65816e+06 5.03622e+06 
8.81104e+06 9.22778e+06 8.64213e+06 7.68885e+06 6.85241e+06 6.17354e+06 5.59848e+06 
8.498e+06 8.7588e+06 9.16775e+06 8.60643e+06 7.65022e+06 6.7818e+06 6.09861e+06 
8.5007e+06 8.49357e+06 8.74769e+06 9.1437e+06 8.58617e+06 7.58764e+06 6.72323e+06 
8.55122e+06 8.48929e+06 8.48117e+06 8.72768e+06 9.12089e+06 8.53262e+06 7.5391e+06 
8.4504e+06 8.50722e+06 8.44438e+06 8.42746e+06 8.67325e+06 9.07217e+06 8.47698e+06 
8.18879e+06 8.41055e+06 8.46308e+06 8.39803e+06 8.38612e+06 8.63292e+06 9.02317e+06 

9.29938e+06 8.7254e+06 7.72846e+06 6.88052e+06 6.22914e+06 5.66562e+06 5.04345e+06 
8.84587e+06 9.26264e+06 8.67699e+06 7.70334e+06 6.86576e+06 6.19311e+06 5.61526e+06 
8.52466e+06 8.78523e+06 9.20123e+06 8.62692e+06 7.67028e+06 6.80593e+06 6.1202e+06 
8.50662e+06 8.49248e+06 8.75188e+06 9.15771e+06 8.59857e+06 7.60795e+06 6.73364e+06 
8.5527e+06 8.48681e+06 8.48073e+06 8.73389e+06 9.13226e+06 8.54744e+06 7.54079e+06 
8.4532e+06 8.511e+06 8.44977e+06 8.43854e+06 8.68491e+06 9.08035e+06 8.48067e+06 
8.18488e+06 8.40885e+06 8.46407e+06 8.39847e+06 8.38062e+06 8.62578e+06 9.01865e+06 

9.00971e+06 8.45756e+06 7.52234e+06 6.67239e+06 6.009e+06 5.45154e+06 4.83917e+06 
8.59529e+06 8.9824e+06 8.44438e+06 7.4698e+06 6.62325e+06 5.9579e+06 5.39138e+06 
8.32911e+06 8.57445e+06 8.9717e+06 8.39403e+06 7.42298e+06 6.57329e+06 5.89912e+06 
8.29173e+06 8.27983e+06 8.52694e+06 8.91885e+06 8.3382e+06 7.36334e+06 6.50666e+06 
8.3017e+06 8.23878e+06 8.2342e+06 8.47641e+06 8.85912e+06 8.28003e+06 7.2973e+06 
8.18276e+06 8.23933e+06 8.1863e+06 8.18063e+06 8.4181e+06 8.80698e+06 8.2181e+06 
7.90555e+06 8.12465e+06 8.18404e+06 8.12636e+06 8.11381e+06 8.35249e+06 8.74207e+06 

9.06618e+06 8.4922e+06 7.55297e+06 6.70557e+06 6.03003e+06 5.47573e+06 4.88232e+06 
8.62171e+06 9.01271e+06 8.46445e+06 7.49208e+06 6.63562e+06 5.97663e+06 5.42767e+06 
8.35304e+06 8.59659e+06 8.98588e+06 8.41663e+06 7.43308e+06 6.59278e+06 5.93677e+06 
8.31197e+06 8.2967e+06 8.54062e+06 8.93721e+06 8.34969e+06 7.38486e+06 6.54666e+06 
8.31307e+06 8.24826e+06 8.23555e+06 8.48135e+06 8.86994e+06 8.29308e+06 7.33222e+06 
8.2046e+06 8.25926e+06 8.19837e+06 8.194e+06 8.43424e+06 8.81681e+06 8.24864e+06 
7.93371e+06 8.15261e+06 8.21039e+06 8.15674e+06 8.14912e+06 8.38692e+06 8.77724e+06 

9.13493e+06 8.54708e+06 7.59017e+06 6.74825e+06 6.07302e+06 5.50793e+06 4.91198e+06 
8.65625e+06 9.0583e+06 8.49404e+06 7.53041e+06 6.6686e+06 5.99752e+06 5.44943e+06 
8.36897e+06 8.61856e+06 9.01305e+06 8.44851e+06 7.45814e+06 6.60594e+06 5.9536e+06 
8.33708e+06 8.32604e+06 8.57144e+06 8.96613e+06 8.3785e+06 7.3986e+06 6.56673e+06 
8.33744e+06 8.27267e+06 8.25618e+06 8.5012e+06 8.89338e+06 8.30646e+06 7.35072e+06 
8.22607e+06 8.27749e+06 8.21252e+06 8.20219e+06 8.44508e+06 8.82762e+06 8.25856e+06 
7.95972e+06 8.1758e+06 8.22976e+06 8.17304e+06 8.16825e+06 8.40564e+06 8.78851e+06 

8.89682e+06 8.36466e+06 7.43326e+06 6.59763e+06 5.95938e+06 5.41867e+06 4.82041e+06 
8.50965e+06 8.89896e+06 8.36347e+06 7.40464e+06 6.58524e+06 5.93841e+06 5.38614e+06 
8.2522e+06 8.49928e+06 8.89749e+06 8.32584e+06 7.38535e+06 6.55865e+06 5.90297e+06 
8.23763e+06 8.2256e+06 8.47179e+06 8.85584e+06 8.29941e+06 7.35223e+06 6.51671e+06 
8.28097e+06 8.21801e+06 8.21145e+06 8.45001e+06 8.83026e+06 8.27306e+06 7.3131e+06 
8.19725e+06 8.25187e+06 8.19638e+06 8.18595e+06 8.42236e+06 8.80945e+06 8.23878e+06 
7.95353e+06 8.17006e+06 8.22731e+06 8.16367e+06 8.14522e+06 8.38383e+06 8.77213e+06 

8.90922e+06 8.34388e+06 7.44544e+06 6.63582e+06 5.98982e+06 5.44296e+06 4.8357e+06 
8.49199e+06 8.87485e+06 8.36286e+06 7.4398e+06 6.6098e+06 5.95468e+06 5.39488e+06 
8.26222e+06 8.50592e+06 8.90383e+06 8.36675e+06 7.41354e+06 6.57714e+06 5.91374e+06 
8.27106e+06 8.25833e+06 8.50771e+06 8.89768e+06 8.33286e+06 7.37567e+06 6.52935e+06 
8.3089e+06 8.24324e+06 8.23494e+06 8.47714e+06 8.86151e+06 8.29604e+06 7.32223e+06 
8.21197e+06 8.26499e+06 8.20788e+06 8.20062e+06 8.4393e+06 8.82425e+06 8.24201e+06 
7.95626e+06 8.17248e+06 8.22977e+06 8.17028e+06 8.1547e+06 8.39101e+06 8.77792e+06 

8.93117e+06 8.35964e+06 7.42957e+06 6.6528e+06 6.03e+06 5.47378e+06 4.85744e+06 
8.49128e+06 8.88064e+06 8.33428e+06 7.44697e+06 6.64358e+06 5.9775e+06 5.40921e+06 
8.24237e+06 8.48638e+06 8.87976e+06 8.36809e+06 7.45133e+06 6.60121e+06 5.9275e+06 
8.28156e+06 8.26872e+06 8.51544e+06 8.90662e+06 8.37785e+06 7.40482e+06 6.54598e+06 
8.34838e+06 8.28001e+06 8.2691e+06 8.51584e+06 8.90555e+06 8.32798e+06 7.33972e+06 
8.24077e+06 8.29277e+06 8.23199e+06 8.22666e+06 8.46878e+06 8.85404e+06 8.25966e+06 
7.96314e+06 8.17942e+06 8.23529e+06 8.18019e+06 8.16951e+06 8.4051e+06 8.79081e+06 

8.85692e+06 8.31851e+06 7.37626e+06 6.53698e+06 5.89673e+06 5.35536e+06 4.7625e+06 
8.45747e+06 8.84673e+06 8.2996e+06 7.33558e+06 6.5152e+06 5.86898e+06 5.32142e+06 
8.18518e+06 8.43073e+06 8.82516e+06 8.24756e+06 7.30619e+06 6.48079e+06 5.83069e+06 
8.15483e+06 8.1438e+06 8.38693e+06 8.7682e+06 8.20957e+06 7.26291e+06 6.43499e+06 
8.18478e+06 8.12363e+06 8.11724e+06 8.35354e+06 8.73142e+06 8.17214e+06 7.22106e+06 
8.09022e+06 8.14492e+06 8.08956e+06 8.07798e+06 8.31219e+06 8.69622e+06 8.13023e+06 
7.83553e+06 8.04978e+06 8.10574e+06 8.04161e+06 8.02333e+06 8.25998e+06 8.64359e+06 

8.86779e+06 8.29683e+06 7.39294e+06 6.57322e+06 5.92286e+06 5.37244e+06 4.76923e+06 
8.44418e+06 8.82712e+06 8.3096e+06 7.37361e+06 6.53929e+06 5.88146e+06 5.3258e+06 
8.2037e+06 8.44691e+06 8.84244e+06 8.29222e+06 7.33397e+06 6.49568e+06 5.83785e+06 
8.18964e+06 8.17872e+06 8.425e+06 8.8112e+06 8.24127e+06 7.2809e+06 6.44197e+06 
8.20892e+06 8.14553e+06 8.13769e+06 8.37708e+06 8.75913e+06 8.18836e+06 7.22278e+06 
8.10148e+06 8.15439e+06 8.0984e+06 8.09018e+06 8.32632e+06 8.70878e+06 8.13062e+06 
7.84001e+06 8.05393e+06 8.11063e+06 8.05016e+06 8.03333e+06 8.26779e+06 8.65078e+06 

8.88745e+06 8.30997e+06 7.37602e+06 6.59253e+06 5.96127e+06 5.39982e+06 4.78483e+06 
8.4426e+06 8.83122e+06 8.27994e+06 7.38503e+06 6.57253e+06 5.90196e+06 5.33464e+06 
8.18522e+06 8.4281e+06 8.81939e+06 8.30067e+06 7.37347e+06 6.51832e+06 5.84646e+06 
8.20546e+06 8.1946e+06 8.43952e+06 8.82855e+06 8.28904e+06 7.30888e+06 6.4536e+06 
8.24893e+06 8.183e+06 8.17405e+06 8.41817e+06 8.80396e+06 8.21817e+06 7.23356e+06 
8.12306e+06 8.17547e+06 8.11696e+06 8.11153e+06 8.34996e+06 8.73238e+06 8.13888e+06 
7.84096e+06 8.05489e+06 8.11033e+06 8.05538e+06 8.04258e+06 8.27596e+06 8.65871e+06 

9.215e+06 8.61413e+06 7.62555e+06 6.8047e+06 6.17674e+06 5.63474e+06 5.003e+06 
8.74056e+06 9.12914e+06 8.54598e+06 7.60269e+06 6.79799e+06 6.14492e+06 5.55743e+06 
8.45749e+06 8.70089e+06 9.09699e+06 8.54503e+06 7.62582e+06 6.78615e+06 6.08514e+06 
8.47512e+06 8.46038e+06 8.70965e+06 9.11055e+06 8.57764e+06 7.62132e+06 6.72688e+06 
8.55599e+06 8.49077e+06 8.48191e+06 8.73336e+06 9.13309e+06 8.57606e+06 7.55011e+06 
8.47226e+06 8.53297e+06 8.46814e+06 8.46346e+06 8.71395e+06 9.11188e+06 8.49829e+06 
8.16592e+06 8.39343e+06 8.45094e+06 8.39391e+06 8.38656e+06 8.63204e+06 9.03416e+06 

9.24143e+06 8.64465e+06 7.64566e+06 6.82058e+06 6.19285e+06 5.64013e+06 5.02501e+06 
8.75782e+06 9.16028e+06 8.56408e+06 7.61158e+06 6.8077e+06 6.14576e+06 5.57634e+06 
8.46455e+06 8.71369e+06 9.10558e+06 8.54184e+06 7.62443e+06 6.77916e+06 6.099e+06 
8.47863e+06 8.4651e+06 8.70846e+06 9.1011e+06 8.5772e+06 7.61085e+06 6.74198e+06 
8.55473e+06 8.49162e+06 8.47907e+06 8.72847e+06 9.13183e+06 8.56418e+06 7.56975e+06 
8.47389e+06 8.53312e+06 8.46729e+06 8.45711e+06 8.70903e+06 9.10907e+06 8.51646e+06 
8.19138e+06 8.41828e+06 8.4756e+06 8.413e+06 8.40886e+06 8.65597e+06 9.05171e+06 

9.259e+06 8.66328e+06 7.65749e+06 6.82722e+06 6.19881e+06 5.64326e+06 5.02307e+06 
8.78452e+06 9.19044e+06 8.59206e+06 7.6371e+06 6.82621e+06 6.16016e+06 5.58953e+06 
8.47024e+06 8.72348e+06 9.12306e+06 8.55513e+06 7.6271e+06 6.77835e+06 6.09913e+06 
8.4824e+06 8.47284e+06 8.71897e+06 9.10819e+06 8.57453e+06 7.60304e+06 6.73907e+06 
8.5576e+06 8.49318e+06 8.48023e+06 8.72576e+06 9.12442e+06 8.55728e+06 7.56638e+06 
8.4724e+06 8.52801e+06 8.46393e+06 8.44946e+06 8.7e+06 9.1036e+06 8.51122e+06 
8.20338e+06 8.4279e+06 8.48431e+06 8.41839e+06 8.40957e+06 8.6589e+06 9.05402e+06 

9.22856e+06 8.61347e+06 7.59548e+06 6.75878e+06 6.13114e+06 5.59417e+06 4.98199e+06 
8.71031e+06 9.10679e+06 8.49756e+06 7.53186e+06 6.72996e+06 6.08515e+06 5.5163e+06 
8.37804e+06 8.62332e+06 9.01483e+06 8.44177e+06 7.52479e+06 6.69783e+06 6.01706e+06 
8.35765e+06 8.34295e+06 8.58692e+06 8.98023e+06 8.44862e+06 7.50456e+06 6.63608e+06 
8.41576e+06 8.3531e+06 8.34282e+06 8.59012e+06 8.98429e+06 8.43275e+06 7.43857e+06 
8.33152e+06 8.39139e+06 8.32774e+06 8.32217e+06 8.5695e+06 8.96068e+06 8.36793e+06 
8.03576e+06 8.2608e+06 8.31805e+06 8.26226e+06 8.26047e+06 8.50304e+06 8.89435e+06 

9.28756e+06 8.67241e+06 7.63484e+06 6.77342e+06 6.13421e+06 5.61082e+06 5.02271e+06 
8.75939e+06 9.1605e+06 8.53511e+06 7.53635e+06 6.72767e+06 6.10072e+06 5.55185e+06 
8.40264e+06 8.64715e+06 9.03404e+06 8.43796e+06 7.51106e+06 6.70575e+06 6.04495e+06 
8.35895e+06 8.33908e+06 8.58054e+06 8.97358e+06 8.43261e+06 7.5131e+06 6.66565e+06 
8.40036e+06 8.34e+06 8.32919e+06 8.57634e+06 8.97323e+06 8.43808e+06 7.47188e+06 
8.33783e+06 8.40081e+06 8.33663e+06 8.32864e+06 8.57699e+06 8.96851e+06 8.40036e+06 
8.06407e+06 8.29231e+06 8.35079e+06 8.28885e+06 8.28882e+06 8.53403e+06 8.92281e+06 

9.29643e+06 8.69702e+06 7.66356e+06 6.78785e+06 6.13094e+06 5.59364e+06 5.00936e+06 
8.80156e+06 9.20808e+06 8.58718e+06 7.57513e+06 6.74062e+06 6.09838e+06 5.55978e+06 
8.44325e+06 8.69182e+06 9.08461e+06 8.4769e+06 7.51598e+06 6.69905e+06 6.05307e+06 
8.38317e+06 8.36582e+06 8.60736e+06 8.99579e+06 8.43105e+06 7.49568e+06 6.66737e+06 
8.40579e+06 8.34263e+06 8.32712e+06 8.57126e+06 8.96726e+06 8.41899e+06 7.47363e+06 
8.32692e+06 8.3832e+06 8.32104e+06 8.31129e+06 8.55913e+06 8.95358e+06 8.39798e+06 
8.06996e+06 8.29503e+06 8.35546e+06 8.29255e+06 8.28933e+06 8.53535e+06 8.92395e+06 

9.07933e+06 8.50046e+06 7.57867e+06 6.74912e+06 6.05222e+06 5.45489e+06 4.82579e+06 
8.6408e+06 9.03884e+06 8.50198e+06 7.55747e+06 6.6687e+06 5.96038e+06 5.38006e+06 
8.38854e+06 8.63788e+06 9.03315e+06 8.48406e+06 7.4652e+06 6.56746e+06 5.88173e+06 
8.36332e+06 8.36037e+06 8.60882e+06 8.99982e+06 8.38913e+06 7.35677e+06 6.48552e+06 
8.32642e+06 8.27271e+06 8.2718e+06 8.51372e+06 8.90635e+06 8.27929e+06 7.27716e+06 
8.16664e+06 8.22671e+06 8.17598e+06 8.16652e+06 8.40523e+06 8.79862e+06 8.1917e+06 
7.87096e+06 8.09127e+06 8.15114e+06 8.08647e+06 8.06991e+06 8.30918e+06 8.69544e+06 

9.09565e+06 8.50743e+06 7.57168e+06 6.73326e+06 6.06671e+06 5.49032e+06 4.85849e+06 
8.64381e+06 9.03515e+06 8.49433e+06 7.5342e+06 6.68201e+06 5.99462e+06 5.41018e+06 
8.3811e+06 8.62905e+06 9.0258e+06 8.45963e+06 7.48458e+06 6.60871e+06 5.91535e+06 
8.35071e+06 8.34409e+06 8.59164e+06 8.98437e+06 8.40578e+06 7.40135e+06 6.52108e+06 
8.35287e+06 8.29421e+06 8.29152e+06 8.53545e+06 8.92474e+06 8.32313e+06 7.31153e+06 
8.21052e+06 8.2699e+06 8.21669e+06 8.21155e+06 8.45149e+06 8.84389e+06 8.23304e+06 
7.90711e+06 8.12857e+06 8.1883e+06 8.13068e+06 8.1178e+06 8.3576e+06 8.74985e+06 

9.13005e+06 8.53431e+06 7.58501e+06 6.74349e+06 6.06544e+06 5.5093e+06 4.90172e+06 
8.66322e+06 9.05311e+06 8.4973e+06 7.53393e+06 6.67388e+06 6.01074e+06 5.44751e+06 
8.38878e+06 8.63153e+06 9.02227e+06 8.46203e+06 7.4741e+06 6.62766e+06 5.95551e+06 
8.35426e+06 8.34085e+06 8.58763e+06 8.98521e+06 8.39357e+06 7.42377e+06 6.56536e+06 
8.35077e+06 8.2893e+06 8.28081e+06 8.52696e+06 8.9165e+06 8.33738e+06 7.35289e+06 
8.2346e+06 8.29283e+06 8.23469e+06 8.23331e+06 8.47397e+06 8.85895e+06 8.27398e+06 
7.9432e+06 8.16518e+06 8.22526e+06 8.17317e+06 8.16469e+06 8.40296e+06 8.79682e+06 

9.05974e+06 8.50588e+06 7.55777e+06 6.69927e+06 6.03463e+06 5.47475e+06 4.85876e+06 
8.641e+06 9.03103e+06 8.48375e+06 7.49819e+06 6.64998e+06 5.98164e+06 5.41192e+06 
8.36318e+06 8.61019e+06 9.00803e+06 8.42088e+06 7.4479e+06 6.59499e+06 5.91716e+06 
8.3149e+06 8.3045e+06 8.5512e+06 8.94295e+06 8.36217e+06 7.3841e+06 6.52254e+06 
8.32056e+06 8.25924e+06 8.25434e+06 8.4967e+06 8.8821e+06 8.3011e+06 7.31252e+06 
8.19809e+06 8.25568e+06 8.20174e+06 8.19546e+06 8.43445e+06 8.82522e+06 8.2328e+06 
7.91518e+06 8.13563e+06 8.19508e+06 8.13652e+06 8.1241e+06 8.36431e+06 8.75563e+06 

9.11645e+06 8.5462e+06 7.59858e+06 6.73778e+06 6.05523e+06 5.50025e+06 4.90634e+06 
8.67353e+06 9.06775e+06 8.51587e+06 7.5278e+06 6.66301e+06 6.0031e+06 5.45351e+06 
8.3955e+06 8.64121e+06 9.03448e+06 8.45375e+06 7.45956e+06 6.61814e+06 5.96133e+06 
8.34443e+06 8.32882e+06 8.5749e+06 8.97252e+06 8.37634e+06 7.41022e+06 6.57074e+06 
8.33938e+06 8.2753e+06 8.26387e+06 8.50998e+06 8.89834e+06 8.32061e+06 7.35855e+06 
8.22861e+06 8.28405e+06 8.22477e+06 8.22148e+06 8.46149e+06 8.84464e+06 8.27632e+06 
7.95526e+06 8.17532e+06 8.23452e+06 8.18142e+06 8.17344e+06 8.41148e+06 8.80263e+06 

9.17916e+06 8.59456e+06 7.63632e+06 6.78278e+06 6.09862e+06 5.52865e+06 4.93096e+06 
8.70321e+06 9.10834e+06 8.54581e+06 7.56923e+06 6.69586e+06 6.01909e+06 5.47039e+06 
8.41546e+06 8.66758e+06 9.06617e+06 8.49212e+06 7.48714e+06 6.62937e+06 5.97696e+06 
8.37375e+06 8.36327e+06 8.61046e+06 9.00594e+06 8.40797e+06 7.42146e+06 6.58912e+06 
8.36703e+06 8.30251e+06 8.28574e+06 8.53119e+06 8.92409e+06 8.33139e+06 7.37473e+06 
8.24983e+06 8.30072e+06 8.23649e+06 8.22758e+06 8.47064e+06 8.85305e+06 8.2833e+06 
7.98038e+06 8.19676e+06 8.25194e+06 8.19704e+06 8.19247e+06 8.42936e+06 8.81312e+06 

8.67834e+06 8.14221e+06 7.19401e+06 6.41857e+06 5.81528e+06 5.26778e+06 4.67622e+06 
8.27492e+06 8.6656e+06 8.09569e+06 7.20433e+06 6.42653e+06 5.77454e+06 5.22975e+06 
8.02333e+06 8.26553e+06 8.6422e+06 8.11385e+06 7.22747e+06 6.39788e+06 5.7523e+06 
8.061e+06 8.05579e+06 8.28806e+06 8.6578e+06 8.14918e+06 7.19708e+06 6.37553e+06 
8.14209e+06 8.08317e+06 8.07238e+06 8.30581e+06 8.68337e+06 8.11556e+06 7.17001e+06 
8.06143e+06 8.11432e+06 8.05308e+06 8.04073e+06 8.27389e+06 8.65234e+06 8.08848e+06 
7.83238e+06 8.04232e+06 8.09457e+06 8.03379e+06 8.01678e+06 8.24984e+06 8.63329e+06 

8.68075e+06 8.12002e+06 7.18522e+06 6.39451e+06 5.80076e+06 5.2749e+06 4.6815e+06 
8.24908e+06 8.62589e+06 8.07588e+06 7.16573e+06 6.40045e+06 5.76991e+06 5.22144e+06 
7.99736e+06 8.23493e+06 8.61287e+06 8.06833e+06 7.19411e+06 6.38812e+06 5.7367e+06 
8.01728e+06 8.01013e+06 8.24307e+06 8.61422e+06 8.11012e+06 7.18909e+06 6.35973e+06 
8.11075e+06 8.05206e+06 8.04103e+06 8.27401e+06 8.65095e+06 8.1099e+06 7.1563e+06 
8.05195e+06 8.10666e+06 8.0424e+06 8.03125e+06 8.26643e+06 8.64358e+06 8.07367e+06 
7.8105e+06 8.02145e+06 8.0724e+06 8.01366e+06 8.00131e+06 8.23375e+06 8.6148e+06 

8.69815e+06 8.12893e+06 7.171e+06 6.38218e+06 5.78232e+06 5.2682e+06 4.6924e+06 
8.24819e+06 8.62646e+06 8.05122e+06 7.14232e+06 6.37498e+06 5.7592e+06 5.22588e+06 
7.96746e+06 8.20084e+06 8.57053e+06 8.03091e+06 7.15252e+06 6.36503e+06 5.72895e+06 
7.98376e+06 7.97288e+06 8.2027e+06 8.57216e+06 8.06285e+06 7.1633e+06 6.35007e+06 
8.06378e+06 8.00635e+06 7.99478e+06 8.22683e+06 8.60484e+06 8.07815e+06 7.14574e+06 
8.02208e+06 8.07848e+06 8.01466e+06 8.00239e+06 8.23787e+06 8.61423e+06 8.062e+06 
7.79558e+06 8.00843e+06 8.06078e+06 7.9977e+06 7.98701e+06 8.22075e+06 8.59843e+06 

8.82855e+06 8.30794e+06 7.35657e+06 6.51221e+06 5.86091e+06 5.33568e+06 4.77409e+06 
8.48696e+06 8.87004e+06 8.30822e+06 7.33633e+06 6.51048e+06 5.88521e+06 5.36723e+06 
8.21465e+06 8.45095e+06 8.8338e+06 8.25565e+06 7.30512e+06 6.50697e+06 5.88657e+06 
8.20077e+06 8.18079e+06 8.41752e+06 8.80199e+06 8.23573e+06 7.31949e+06 6.52393e+06 
8.26578e+06 8.19837e+06 8.18182e+06 8.42033e+06 8.80462e+06 8.26683e+06 7.35815e+06 
8.20252e+06 8.25409e+06 8.19041e+06 8.17595e+06 8.41484e+06 8.80651e+06 8.27911e+06 
8.0019e+06 8.21756e+06 8.27332e+06 8.20468e+06 8.1844e+06 8.42824e+06 8.81874e+06 

8.80573e+06 8.301e+06 7.38412e+06 6.53426e+06 5.87217e+06 5.33693e+06 4.77364e+06 
8.47818e+06 8.86058e+06 8.32896e+06 7.35188e+06 6.51188e+06 5.87597e+06 5.35797e+06 
8.26989e+06 8.50868e+06 8.89294e+06 8.31155e+06 7.34407e+06 6.53502e+06 5.91618e+06 
8.25136e+06 8.23362e+06 8.47055e+06 8.85659e+06 8.27938e+06 7.34989e+06 6.55567e+06 
8.29364e+06 8.2262e+06 8.20708e+06 8.44614e+06 8.83279e+06 8.28245e+06 7.37339e+06 
8.22563e+06 8.27567e+06 8.20969e+06 8.19478e+06 8.43412e+06 8.8221e+06 8.29416e+06 
8.0114e+06 8.22535e+06 8.27992e+06 8.21341e+06 8.19522e+06 8.43662e+06 8.83206e+06 

8.77342e+06 8.27056e+06 7.37203e+06 6.55048e+06 5.88942e+06 5.33788e+06 4.76562e+06 
8.43047e+06 8.81702e+06 8.29481e+06 7.35346e+06 6.51175e+06 5.85774e+06 5.33258e+06 
8.23048e+06 8.47165e+06 8.85479e+06 8.3021e+06 7.33486e+06 6.50537e+06 5.88029e+06 
8.27436e+06 8.26044e+06 8.49821e+06 8.88222e+06 8.30894e+06 7.35459e+06 6.55415e+06 
8.31523e+06 8.2488e+06 8.23166e+06 8.47078e+06 8.857e+06 8.28562e+06 7.36755e+06 
8.2279e+06 8.27737e+06 8.21381e+06 8.20035e+06 8.43804e+06 8.82134e+06 8.28199e+06 
8.01283e+06 8.22528e+06 8.28018e+06 8.21612e+06 8.20035e+06 8.43742e+06 8.82608e+06 

8.70723e+06 8.13814e+06 7.18148e+06 6.39732e+06 5.80363e+06 5.30388e+06 4.72202e+06 
8.25175e+06 8.61861e+06 8.0466e+06 7.14356e+06 6.38577e+06 5.78352e+06 5.24277e+06 
7.96833e+06 8.1955e+06 8.56229e+06 8.03069e+06 7.16249e+06 6.38917e+06 5.74173e+06 
7.97659e+06 7.96268e+06 8.19295e+06 8.56651e+06 8.06173e+06 7.18152e+06 6.35379e+06 
8.0559e+06 7.99664e+06 7.98488e+06 8.21902e+06 8.59604e+06 8.08619e+06 7.13858e+06 
8.00839e+06 8.06611e+06 8.00172e+06 7.99536e+06 8.23246e+06 8.60744e+06 8.04547e+06 
7.74628e+06 7.96146e+06 8.01526e+06 7.96004e+06 7.95555e+06 8.18864e+06 8.56916e+06 

8.72813e+06 8.16864e+06 7.20707e+06 6.40193e+06 5.79748e+06 5.29897e+06 4.74169e+06 
8.28411e+06 8.65935e+06 8.08202e+06 7.14977e+06 6.38423e+06 5.78715e+06 5.26916e+06 
7.98778e+06 8.21732e+06 8.58034e+06 8.02598e+06 7.14814e+06 6.38336e+06 5.7601e+06 
7.97878e+06 7.96098e+06 8.18736e+06 8.55707e+06 8.046e+06 7.17251e+06 6.37284e+06 
8.04556e+06 7.98713e+06 7.97476e+06 8.2077e+06 8.58492e+06 8.07694e+06 7.16537e+06 
8.00688e+06 8.06505e+06 8.00321e+06 7.99417e+06 8.23028e+06 8.60751e+06 8.07436e+06 
7.77508e+06 7.99178e+06 8.04808e+06 7.98677e+06 7.98145e+06 8.2174e+06 8.59557e+06 

8.73298e+06 8.19312e+06 7.23403e+06 6.41096e+06 5.79717e+06 5.29547e+06 4.73859e+06 
8.31177e+06 8.68949e+06 8.11951e+06 7.16953e+06 6.38764e+06 5.78618e+06 5.27319e+06 
8.00951e+06 8.24309e+06 8.61404e+06 8.04356e+06 7.14241e+06 6.37626e+06 5.76135e+06 
7.98885e+06 7.9742e+06 8.20252e+06 8.56774e+06 8.03764e+06 7.16158e+06 6.37429e+06 
8.04563e+06 7.98601e+06 7.97182e+06 8.20052e+06 8.57442e+06 8.06658e+06 7.16776e+06 
8.0063e+06 8.06014e+06 8.00023e+06 7.98766e+06 8.22287e+06 8.60169e+06 8.07451e+06 
7.7888e+06 8.00291e+06 8.05951e+06 7.99535e+06 7.98833e+06 8.22478e+06 8.60072e+06 

8.95172e+06 8.38311e+06 7.40503e+06 6.5882e+06 5.97627e+06 5.45476e+06 4.86261e+06 
8.50672e+06 8.88947e+06 8.30775e+06 7.36519e+06 6.58288e+06 5.95611e+06 5.40804e+06 
8.22305e+06 8.46072e+06 8.84186e+06 8.28151e+06 7.38544e+06 6.58363e+06 5.9278e+06 
8.22605e+06 8.2108e+06 8.44717e+06 8.83048e+06 8.31289e+06 7.39818e+06 6.55917e+06 
8.30831e+06 8.24468e+06 8.22932e+06 8.47091e+06 8.85999e+06 8.32708e+06 7.36693e+06 
8.25249e+06 8.30851e+06 8.24146e+06 8.234e+06 8.47844e+06 8.8652e+06 8.29704e+06 
7.99217e+06 8.21177e+06 8.26712e+06 8.21049e+06 8.20549e+06 8.4453e+06 8.8357e+06 

8.97707e+06 8.41585e+06 7.43951e+06 6.60346e+06 5.9756e+06 5.46353e+06 4.8977e+06 
8.53381e+06 8.92005e+06 8.33839e+06 7.3697e+06 6.57621e+06 5.96391e+06 5.43744e+06 
8.23662e+06 8.47332e+06 8.8484e+06 8.27222e+06 7.36197e+06 6.5772e+06 5.94256e+06 
8.22258e+06 8.20152e+06 8.43534e+06 8.81862e+06 8.28767e+06 7.39031e+06 6.57541e+06 
8.2852e+06 8.22346e+06 8.20926e+06 8.45051e+06 8.84008e+06 8.31803e+06 7.39045e+06 
8.24692e+06 8.30612e+06 8.24095e+06 8.23041e+06 8.47434e+06 8.86238e+06 8.3212e+06 
8.01091e+06 8.23353e+06 8.29049e+06 8.22668e+06 8.22328e+06 8.4661e+06 8.85194e+06 

8.96812e+06 8.42143e+06 7.45288e+06 6.61129e+06 5.97688e+06 5.45654e+06 4.89184e+06 
8.54711e+06 8.93763e+06 8.3636e+06 7.39074e+06 6.58513e+06 5.96331e+06 5.44274e+06 
8.24906e+06 8.48967e+06 8.869e+06 8.2874e+06 7.36036e+06 6.56897e+06 5.94374e+06 
8.22575e+06 8.20764e+06 8.44154e+06 8.81926e+06 8.2773e+06 7.37106e+06 6.56851e+06 
8.28045e+06 8.21786e+06 8.20146e+06 8.43956e+06 8.8275e+06 8.29848e+06 7.38368e+06 
8.23395e+06 8.28888e+06 8.22618e+06 8.21414e+06 8.45719e+06 8.84644e+06 8.31224e+06 
8.00975e+06 8.23029e+06 8.28887e+06 8.22362e+06 8.21788e+06 8.46089e+06 8.84555e+06 

8.80693e+06 8.2485e+06 7.29359e+06 6.50106e+06 5.88382e+06 5.35534e+06 4.76793e+06 
8.38346e+06 8.76162e+06 8.18941e+06 7.27662e+06 6.49089e+06 5.85863e+06 5.31381e+06 
8.12081e+06 8.35348e+06 8.72633e+06 8.19195e+06 7.29426e+06 6.48541e+06 5.8339e+06 
8.13941e+06 8.12348e+06 8.35722e+06 8.74065e+06 8.22014e+06 7.29573e+06 6.46148e+06 
8.21746e+06 8.15384e+06 8.14034e+06 8.38189e+06 8.76788e+06 8.22191e+06 7.26661e+06 
8.15465e+06 8.21046e+06 8.14565e+06 8.14066e+06 8.38056e+06 8.7617e+06 8.19661e+06 
7.90414e+06 8.12097e+06 8.17641e+06 8.12105e+06 8.1125e+06 8.34836e+06 8.73651e+06 

8.81288e+06 8.26609e+06 7.31166e+06 6.49764e+06 5.87952e+06 5.36837e+06 4.79076e+06 
8.39328e+06 8.76772e+06 8.20159e+06 7.26195e+06 6.47769e+06 5.8646e+06 5.32754e+06 
8.11605e+06 8.3476e+06 8.71997e+06 8.16424e+06 7.26521e+06 6.47895e+06 5.83469e+06 
8.11289e+06 8.09538e+06 8.32849e+06 8.70936e+06 8.18346e+06 7.28642e+06 6.46043e+06 
8.1836e+06 8.12245e+06 8.11012e+06 8.34889e+06 8.73326e+06 8.21003e+06 7.26622e+06 
8.14338e+06 8.20168e+06 8.13753e+06 8.13019e+06 8.37036e+06 8.7521e+06 8.1964e+06 
7.90245e+06 8.12131e+06 8.1772e+06 8.11746e+06 8.11088e+06 8.34857e+06 8.73378e+06 

8.79709e+06 8.26731e+06 7.32527e+06 6.50632e+06 5.88287e+06 5.3686e+06 4.80089e+06 
8.38903e+06 8.7676e+06 8.21136e+06 7.26544e+06 6.47474e+06 5.85948e+06 5.33341e+06 
8.11266e+06 8.34678e+06 8.71805e+06 8.15615e+06 7.24826e+06 6.46256e+06 5.83122e+06 
8.10416e+06 8.08746e+06 8.31858e+06 8.6936e+06 8.16251e+06 7.26424e+06 6.45467e+06 
8.16076e+06 8.10146e+06 8.08887e+06 8.32467e+06 8.70862e+06 8.18373e+06 7.26021e+06 
8.11759e+06 8.17534e+06 8.11343e+06 8.10246e+06 8.34226e+06 8.72547e+06 8.18235e+06 
7.89185e+06 8.11049e+06 8.16734e+06 8.10286e+06 8.09778e+06 8.3364e+06 8.71592e+06 

8.63585e+06 8.09846e+06 7.16646e+06 6.38301e+06 5.78755e+06 5.29926e+06 4.72777e+06 
8.22029e+06 8.58159e+06 8.03009e+06 7.12664e+06 6.37133e+06 5.7827e+06 5.24896e+06 
7.94715e+06 8.171e+06 8.53383e+06 8.00492e+06 7.13914e+06 6.38058e+06 5.7392e+06 
7.95385e+06 7.93569e+06 8.16565e+06 8.53911e+06 8.03286e+06 7.17015e+06 6.34796e+06 
8.02958e+06 7.9714e+06 7.96294e+06 8.19695e+06 8.57232e+06 8.07514e+06 7.13638e+06 
7.99195e+06 8.05269e+06 7.99179e+06 7.98654e+06 8.22224e+06 8.59768e+06 8.04488e+06 
7.73828e+06 7.95605e+06 8.0124e+06 7.95436e+06 7.94857e+06 8.18275e+06 8.56255e+06 

8.64416e+06 8.11741e+06 7.18424e+06 6.39147e+06 5.80136e+06 5.30573e+06 4.73168e+06 
8.23867e+06 8.60682e+06 8.05924e+06 7.14673e+06 6.38947e+06 5.79097e+06 5.26183e+06 
7.95471e+06 8.18578e+06 8.55751e+06 8.01408e+06 7.14279e+06 6.37841e+06 5.74621e+06 
7.9606e+06 7.94742e+06 8.17775e+06 8.54122e+06 8.0339e+06 7.16338e+06 6.35513e+06 
8.04042e+06 7.98054e+06 7.96954e+06 8.19814e+06 8.57053e+06 8.07054e+06 7.14583e+06 
7.99847e+06 8.05316e+06 7.99536e+06 7.98558e+06 8.22104e+06 8.59985e+06 8.05176e+06 
7.76058e+06 7.9753e+06 8.0327e+06 7.97064e+06 7.96339e+06 8.19844e+06 8.57434e+06 

8.64274e+06 8.12261e+06 7.19242e+06 6.39689e+06 5.8052e+06 5.30438e+06 4.72968e+06 
8.24747e+06 8.62269e+06 8.07964e+06 7.16466e+06 6.40342e+06 5.80144e+06 5.26931e+06 
7.96476e+06 8.20158e+06 8.5793e+06 8.03427e+06 7.16053e+06 6.38774e+06 5.75232e+06 
7.95987e+06 7.94919e+06 8.18347e+06 8.55076e+06 8.03981e+06 7.15643e+06 6.34855e+06 
8.04437e+06 7.98577e+06 7.97669e+06 8.20535e+06 8.57187e+06 8.06301e+06 7.13689e+06 
7.99866e+06 8.05371e+06 7.99397e+06 7.98168e+06 8.21336e+06 8.58997e+06 8.04264e+06 
7.76649e+06 7.97847e+06 8.03129e+06 7.97114e+06 7.95902e+06 8.19381e+06 8.57154e+06 

8.81537e+06 8.27892e+06 7.33332e+06 6.5231e+06 5.91004e+06 5.39724e+06 4.81253e+06 
8.39933e+06 8.77539e+06 8.21972e+06 7.28659e+06 6.50396e+06 5.8876e+06 5.34541e+06 
8.12366e+06 8.3586e+06 8.73619e+06 8.18347e+06 7.28544e+06 6.49571e+06 5.8472e+06 
8.1287e+06 8.11413e+06 8.3498e+06 8.72763e+06 8.203e+06 7.30209e+06 6.47302e+06 
8.19945e+06 8.13925e+06 8.12862e+06 8.36518e+06 8.74862e+06 8.22635e+06 7.27796e+06 
8.15597e+06 8.21394e+06 8.15154e+06 8.14041e+06 8.38105e+06 8.76549e+06 8.20315e+06 
7.91496e+06 8.13358e+06 8.18887e+06 8.12509e+06 8.11856e+06 8.35725e+06 8.73904e+06 

8.78146e+06 8.25405e+06 7.3151e+06 6.51437e+06 5.91318e+06 5.38623e+06 4.79516e+06 
8.38075e+06 8.76456e+06 8.21392e+06 7.29205e+06 6.51723e+06 5.88492e+06 5.341e+06 
8.10231e+06 8.34394e+06 8.72533e+06 8.17483e+06 7.28725e+06 6.48151e+06 5.83417e+06 
8.10959e+06 8.10047e+06 8.3351e+06 8.70619e+06 8.1948e+06 7.27366e+06 6.44855e+06 
8.19137e+06 8.13075e+06 8.11849e+06 8.35261e+06 8.73388e+06 8.19655e+06 7.24987e+06 
8.12713e+06 8.18098e+06 8.11968e+06 8.1068e+06 8.34599e+06 8.73114e+06 8.16729e+06 
7.88733e+06 8.10276e+06 8.1576e+06 8.09406e+06 8.08379e+06 8.32226e+06 8.7032e+06 

8.75053e+06 8.23424e+06 7.29972e+06 6.50246e+06 5.90705e+06 5.39232e+06 4.7928e+06 
8.36557e+06 8.74444e+06 8.2034e+06 7.28932e+06 6.51879e+06 5.89922e+06 5.34329e+06 
8.08052e+06 8.32218e+06 8.71111e+06 8.1682e+06 7.28548e+06 6.48796e+06 5.82624e+06 
8.08262e+06 8.07476e+06 8.31649e+06 8.69168e+06 8.17592e+06 7.26429e+06 6.42693e+06 
8.16842e+06 8.1097e+06 8.1034e+06 8.33574e+06 8.70795e+06 8.18448e+06 7.22294e+06 
8.11072e+06 8.16755e+06 8.10663e+06 8.09098e+06 8.32682e+06 8.71313e+06 8.13872e+06 
7.86193e+06 8.07635e+06 8.127e+06 8.0635e+06 8.04901e+06 8.28843e+06 8.66939e+06 

9.15487e+06 8.5661e+06 7.54035e+06 6.70299e+06 6.0745e+06 5.50465e+06 4.87688e+06 
8.66265e+06 9.07367e+06 8.4579e+06 7.49385e+06 6.68102e+06 5.99986e+06 5.42211e+06 
8.33418e+06 8.59061e+06 8.99091e+06 8.4082e+06 7.47987e+06 6.61441e+06 5.93059e+06 
8.31266e+06 8.31066e+06 8.55473e+06 8.93607e+06 8.40031e+06 7.40833e+06 6.54112e+06 
8.35351e+06 8.29607e+06 8.28867e+06 8.52896e+06 8.91582e+06 8.32452e+06 7.32598e+06 
8.22425e+06 8.28051e+06 8.22243e+06 8.21492e+06 8.45526e+06 8.84308e+06 8.2399e+06 
7.9321e+06 8.15017e+06 8.20684e+06 8.15234e+06 8.14258e+06 8.37998e+06 8.76917e+06 

9.21007e+06 8.59972e+06 7.57901e+06 6.72424e+06 6.09421e+06 5.54682e+06 4.9221e+06 
8.68843e+06 9.08773e+06 8.4829e+06 7.49794e+06 6.68722e+06 6.02969e+06 5.45127e+06 
8.3513e+06 8.60208e+06 9.00281e+06 8.40796e+06 7.47975e+06 6.63869e+06 5.95081e+06 
8.31324e+06 8.30564e+06 8.55193e+06 8.94002e+06 8.3981e+06 7.43715e+06 6.56376e+06 
8.35629e+06 8.29714e+06 8.29039e+06 8.53267e+06 8.92157e+06 8.35835e+06 7.3553e+06 
8.25218e+06 8.3113e+06 8.251e+06 8.24239e+06 8.4862e+06 8.87583e+06 8.27062e+06 
7.95126e+06 8.17257e+06 8.22825e+06 8.17075e+06 8.16625e+06 8.40598e+06 8.79255e+06 

9.27649e+06 8.65323e+06 7.61139e+06 6.7464e+06 6.0987e+06 5.56607e+06 4.96146e+06 
8.73832e+06 9.1381e+06 8.51244e+06 7.51517e+06 6.69048e+06 6.05156e+06 5.48891e+06 
8.37604e+06 8.62215e+06 9.01711e+06 8.42063e+06 7.47349e+06 6.65373e+06 5.98066e+06 
8.32632e+06 8.31267e+06 8.55854e+06 8.9507e+06 8.39036e+06 7.45412e+06 6.59553e+06 
8.35276e+06 8.29445e+06 8.28696e+06 8.53051e+06 8.92199e+06 8.37586e+06 7.39329e+06 
8.27029e+06 8.33226e+06 8.27054e+06 8.26126e+06 8.50633e+06 8.89616e+06 8.3108e+06 
7.98295e+06 8.20745e+06 8.26406e+06 8.20295e+06 8.19976e+06 8.44192e+06 8.82778e+06 

9.14144e+06 8.53894e+06 7.59976e+06 6.79345e+06 6.13341e+06 5.55468e+06 4.92158e+06 
8.6978e+06 9.08905e+06 8.53817e+06 7.61728e+06 6.77256e+06 6.082e+06 5.49715e+06 
8.45874e+06 8.70362e+06 9.09861e+06 8.56823e+06 7.60381e+06 6.72328e+06 6.0283e+06 
8.48264e+06 8.47102e+06 8.71986e+06 9.12049e+06 8.55556e+06 7.54592e+06 6.66173e+06 
8.52258e+06 8.45612e+06 8.44762e+06 8.69831e+06 9.09659e+06 8.49373e+06 7.47864e+06 
8.39559e+06 8.45196e+06 8.39265e+06 8.38691e+06 8.63322e+06 9.03364e+06 8.42377e+06 
8.10314e+06 8.32641e+06 8.38531e+06 8.32704e+06 8.31331e+06 8.5579e+06 8.95869e+06 

9.18908e+06 8.56597e+06 7.59644e+06 6.78858e+06 6.14572e+06 5.58079e+06 4.94855e+06 
8.71061e+06 9.10131e+06 8.52665e+06 7.60061e+06 6.77785e+06 6.1018e+06 5.51578e+06 
8.44797e+06 8.69143e+06 9.0846e+06 8.54826e+06 7.61032e+06 6.74489e+06 6.0464e+06 
8.47344e+06 8.45983e+06 8.70741e+06 9.1088e+06 8.5635e+06 7.57297e+06 6.68423e+06 
8.53529e+06 8.46786e+06 8.45867e+06 8.71042e+06 9.1083e+06 8.5221e+06 7.5028e+06 
8.42204e+06 8.47966e+06 8.41778e+06 8.41318e+06 8.66088e+06 9.06042e+06 8.44938e+06 
8.12198e+06 8.34663e+06 8.40468e+06 8.34876e+06 8.33849e+06 8.58361e+06 8.98608e+06 

9.24918e+06 8.63118e+06 7.62812e+06 6.79499e+06 6.15212e+06 5.61051e+06 4.99097e+06 
8.75723e+06 9.14743e+06 8.55008e+06 7.59291e+06 6.77246e+06 6.12154e+06 5.54651e+06 
8.46271e+06 8.70461e+06 9.0982e+06 8.53754e+06 7.59772e+06 6.76283e+06 6.07543e+06 
8.46613e+06 8.45009e+06 8.69736e+06 9.09771e+06 8.54746e+06 7.59495e+06 6.71718e+06 
8.52875e+06 8.4628e+06 8.45123e+06 8.70131e+06 9.10046e+06 8.5445e+06 7.53919e+06 
8.44822e+06 8.50728e+06 8.44185e+06 8.43552e+06 8.68566e+06 9.08347e+06 8.48496e+06 
8.155e+06 8.38143e+06 8.43894e+06 8.38069e+06 8.37446e+06 8.62045e+06 9.02131e+06 

9.07522e+06 8.52581e+06 7.5722e+06 6.71339e+06 6.05344e+06 5.49716e+06 4.88e+06 
8.665e+06 9.0602e+06 8.51166e+06 7.52719e+06 6.68118e+06 6.01577e+06 5.44528e+06 
8.38922e+06 8.64019e+06 9.04714e+06 8.45996e+06 7.48875e+06 6.6383e+06 5.96203e+06 
8.35857e+06 8.34769e+06 8.5998e+06 8.99317e+06 8.41431e+06 7.44045e+06 6.57902e+06 
8.38648e+06 8.32402e+06 8.31976e+06 8.56312e+06 8.94987e+06 8.37349e+06 7.38257e+06 
8.28167e+06 8.33848e+06 8.2838e+06 8.27604e+06 8.51539e+06 8.90593e+06 8.31323e+06 
8.00566e+06 8.22576e+06 8.28455e+06 8.22258e+06 8.20453e+06 8.44446e+06 8.83691e+06 

9.10669e+06 8.51662e+06 7.57763e+06 6.74978e+06 6.09205e+06 5.5331e+06 4.90291e+06 
8.65636e+06 9.04464e+06 8.50436e+06 7.56074e+06 6.71542e+06 6.04442e+06 5.46236e+06 
8.3969e+06 8.64348e+06 9.0501e+06 8.49963e+06 7.52943e+06 6.67188e+06 5.98286e+06 
8.3937e+06 8.38192e+06 8.63694e+06 9.03605e+06 8.46027e+06 7.48049e+06 6.60226e+06 
8.42715e+06 8.36165e+06 8.35523e+06 8.60274e+06 8.99482e+06 8.41514e+06 7.4039e+06 
8.3141e+06 8.3697e+06 8.31195e+06 8.30735e+06 8.55065e+06 8.94116e+06 8.33184e+06 
8.02164e+06 8.242e+06 8.30026e+06 8.24294e+06 8.22896e+06 8.4674e+06 8.859e+06 

9.15184e+06 8.55788e+06 7.5781e+06 6.76641e+06 6.13368e+06 5.5785e+06 4.946e+06 
8.67962e+06 9.07226e+06 8.49393e+06 7.56462e+06 6.74997e+06 6.0826e+06 5.49726e+06 
8.39495e+06 8.64092e+06 9.04255e+06 8.50023e+06 7.56957e+06 6.71498e+06 6.02008e+06 
8.41004e+06 8.39662e+06 8.64815e+06 9.04841e+06 8.5085e+06 7.53318e+06 6.64716e+06 
8.47582e+06 8.40811e+06 8.3982e+06 8.64938e+06 9.04683e+06 8.47213e+06 7.45307e+06 
8.37127e+06 8.42712e+06 8.36375e+06 8.35943e+06 8.60727e+06 8.99915e+06 8.38503e+06 
8.06674e+06 8.2886e+06 8.34489e+06 8.28989e+06 8.2816e+06 8.52143e+06 8.91411e+06 

8.81204e+06 8.25398e+06 7.32311e+06 6.54548e+06 5.92939e+06 5.38951e+06 4.80344e+06 
8.3845e+06 8.77185e+06 8.21868e+06 7.32755e+06 6.53528e+06 5.89067e+06 5.35144e+06 
8.12666e+06 8.36676e+06 8.74624e+06 8.22592e+06 7.31921e+06 6.49875e+06 5.85762e+06 
8.16284e+06 8.15193e+06 8.388e+06 8.76588e+06 8.24406e+06 7.30386e+06 6.48539e+06 
8.2315e+06 8.16885e+06 8.15251e+06 8.3907e+06 8.78144e+06 8.22824e+06 7.28935e+06 
8.16556e+06 8.21795e+06 8.15028e+06 8.13151e+06 8.37502e+06 8.7629e+06 8.20315e+06 
7.9329e+06 8.14675e+06 8.19718e+06 8.12796e+06 8.1184e+06 8.35787e+06 8.73381e+06 

8.83135e+06 8.28716e+06 7.34116e+06 6.54051e+06 5.92964e+06 5.39157e+06 4.80127e+06 
8.42261e+06 8.81694e+06 8.25942e+06 7.33897e+06 6.55171e+06 5.91071e+06 5.36358e+06 
8.14694e+06 8.39407e+06 8.78196e+06 8.23538e+06 7.33698e+06 6.51457e+06 5.86353e+06 
8.1577e+06 8.14933e+06 8.38944e+06 8.76862e+06 8.24785e+06 7.30291e+06 6.47778e+06 
8.23129e+06 8.17167e+06 8.16235e+06 8.39846e+06 8.77912e+06 8.22636e+06 7.27906e+06 
8.16076e+06 8.21653e+06 8.15202e+06 8.13054e+06 8.36832e+06 8.75794e+06 8.19518e+06 
7.9307e+06 8.14434e+06 8.19243e+06 8.12212e+06 8.1045e+06 8.34644e+06 8.72798e+06 

8.84549e+06 8.32056e+06 7.3817e+06 6.56457e+06 5.94117e+06 5.41251e+06 4.82387e+06 
8.46871e+06 8.85955e+06 8.31312e+06 7.37475e+06 6.57428e+06 5.94155e+06 5.39606e+06 
8.19316e+06 8.43849e+06 8.83542e+06 8.28068e+06 7.36398e+06 6.55123e+06 5.90376e+06 
8.17932e+06 8.16294e+06 8.40991e+06 8.79901e+06 8.26267e+06 7.33353e+06 6.50378e+06 
8.24072e+06 8.1752e+06 8.16504e+06 8.40777e+06 8.79466e+06 8.25039e+06 7.29543e+06 
8.17505e+06 8.22914e+06 8.16635e+06 8.15326e+06 8.39274e+06 8.77691e+06 8.21337e+06 
7.94093e+06 8.1565e+06 8.20941e+06 8.14119e+06 8.1193e+06 8.35807e+06 8.74202e+06 

9.00478e+06 8.40213e+06 7.43198e+06 6.63069e+06 5.98103e+06 5.40422e+06 4.77028e+06 
8.51477e+06 8.90332e+06 8.32107e+06 7.40399e+06 6.57339e+06 5.88547e+06 5.29877e+06 
8.2163e+06 8.45715e+06 8.84096e+06 8.30677e+06 7.35976e+06 6.48415e+06 5.78791e+06 
8.1963e+06 8.19116e+06 8.43216e+06 8.82139e+06 8.26549e+06 7.26208e+06 6.3785e+06 
8.19916e+06 8.14089e+06 8.13619e+06 8.37972e+06 8.76579e+06 8.15954e+06 7.14331e+06 
8.03264e+06 8.09085e+06 8.0358e+06 8.03703e+06 8.27455e+06 8.6562e+06 8.03862e+06 
7.69779e+06 7.91538e+06 7.97389e+06 7.92726e+06 7.92049e+06 8.15295e+06 8.53854e+06 

9.06437e+06 8.46098e+06 7.47887e+06 6.6653e+06 6.00909e+06 5.44373e+06 4.82784e+06 
8.55673e+06 8.9501e+06 8.35858e+06 7.42651e+06 6.58994e+06 5.91588e+06 5.34622e+06 
8.24886e+06 8.4907e+06 8.87362e+06 8.32932e+06 7.37187e+06 6.51476e+06 5.83704e+06 
8.2261e+06 8.21878e+06 8.45912e+06 8.84592e+06 8.28198e+06 7.29972e+06 6.43725e+06 
8.22448e+06 8.1676e+06 8.16043e+06 8.4023e+06 8.79116e+06 8.20162e+06 7.21195e+06 
8.08574e+06 8.14449e+06 8.0871e+06 8.08289e+06 8.32298e+06 8.70568e+06 8.10808e+06 
7.7746e+06 7.99355e+06 8.05144e+06 7.99808e+06 7.99535e+06 8.22995e+06 8.61102e+06 

9.11019e+06 8.51597e+06 7.52651e+06 6.69859e+06 6.03949e+06 5.4664e+06 4.85975e+06 
8.60513e+06 9.01056e+06 8.41438e+06 7.46382e+06 6.6215e+06 5.94042e+06 5.38227e+06 
8.28495e+06 8.53401e+06 8.92164e+06 8.36005e+06 7.39543e+06 6.53301e+06 5.86984e+06 
8.25638e+06 8.24975e+06 8.48976e+06 8.87408e+06 8.30928e+06 7.31853e+06 6.47392e+06 
8.25864e+06 8.2003e+06 8.18945e+06 8.43101e+06 8.822e+06 8.22505e+06 7.25536e+06 
8.12171e+06 8.17699e+06 8.11824e+06 8.11018e+06 8.35119e+06 8.73413e+06 8.15026e+06 
7.8315e+06 8.04891e+06 8.10608e+06 8.04923e+06 8.04637e+06 8.28176e+06 8.65933e+06 

9.0072e+06 8.46955e+06 7.52792e+06 6.68245e+06 6.03304e+06 5.481e+06 4.86872e+06 
8.62207e+06 9.01543e+06 8.47439e+06 7.50523e+06 6.67121e+06 6.01082e+06 5.44536e+06 
8.36565e+06 8.61568e+06 9.01954e+06 8.44216e+06 7.48524e+06 6.64115e+06 5.97084e+06 
8.35288e+06 8.34231e+06 8.59231e+06 8.98213e+06 8.41516e+06 7.44845e+06 6.59456e+06 
8.39442e+06 8.33198e+06 8.32641e+06 8.56812e+06 8.95493e+06 8.38525e+06 7.40331e+06 
8.3045e+06 8.36083e+06 8.30445e+06 8.29316e+06 8.53298e+06 8.92659e+06 8.34136e+06 
8.0479e+06 8.26751e+06 8.32504e+06 8.25908e+06 8.23826e+06 8.48045e+06 8.87498e+06 

9.02544e+06 8.44424e+06 7.52156e+06 6.70605e+06 6.05943e+06 5.50747e+06 4.8845e+06 
8.59594e+06 8.98132e+06 8.45236e+06 7.52221e+06 6.69076e+06 6.02822e+06 5.4525e+06 
8.356e+06 8.60113e+06 9.00411e+06 8.4627e+06 7.50934e+06 6.66143e+06 5.97937e+06 
8.36718e+06 8.35439e+06 8.60739e+06 9.00367e+06 8.44028e+06 7.47136e+06 6.60162e+06 
8.41317e+06 8.34707e+06 8.34043e+06 8.58662e+06 8.9765e+06 8.40541e+06 7.40432e+06 
8.31401e+06 8.36933e+06 8.31142e+06 8.30521e+06 8.54736e+06 8.93841e+06 8.3382e+06 
8.04148e+06 8.26128e+06 8.31906e+06 8.25936e+06 8.24244e+06 8.48196e+06 8.87565e+06 

9.06596e+06 8.47819e+06 7.51423e+06 6.71744e+06 6.09562e+06 5.54886e+06 4.92463e+06 
8.60944e+06 8.99804e+06 8.42993e+06 7.51768e+06 6.71659e+06 6.05894e+06 5.48139e+06 
8.34149e+06 8.58495e+06 8.98232e+06 8.45218e+06 7.53728e+06 6.69463e+06 6.00849e+06 
8.37016e+06 8.35548e+06 8.60474e+06 9.00188e+06 8.47374e+06 7.51239e+06 6.63657e+06 
8.44548e+06 8.37693e+06 8.36565e+06 8.61549e+06 9.01107e+06 8.44666e+06 7.43972e+06 
8.35245e+06 8.40738e+06 8.34311e+06 8.33803e+06 8.58509e+06 8.97614e+06 8.37195e+06 
8.0633e+06 8.28408e+06 8.33989e+06 8.28406e+06 8.27432e+06 8.51417e+06 8.90724e+06 

5.82715e+06 5.45364e+06 4.82121e+06 4.25858e+06 3.80811e+06 3.43417e+06 3.03862e+06 
5.53415e+06 5.7863e+06 5.40946e+06 4.76644e+06 4.19292e+06 3.74993e+06 3.38559e+06 
5.33314e+06 5.48996e+06 5.74089e+06 5.35615e+06 4.69643e+06 4.13457e+06 3.70345e+06 
5.2842e+06 5.28432e+06 5.43896e+06 5.69151e+06 5.29184e+06 4.64608e+06 4.09901e+06 
5.25946e+06 5.22429e+06 5.21529e+06 5.36858e+06 5.62308e+06 5.23336e+06 4.60296e+06 
5.15312e+06 5.18896e+06 5.14452e+06 5.13174e+06 5.28753e+06 5.53674e+06 5.15566e+06 
4.9425e+06 5.07914e+06 5.10945e+06 5.06656e+06 5.05883e+06 5.21234e+06 5.45629e+06 

5.90061e+06 5.57419e+06 4.95339e+06 4.38603e+06 3.91801e+06 3.53109e+06 3.12655e+06 
5.6789e+06 5.93911e+06 5.57448e+06 4.92775e+06 4.333e+06 3.8765e+06 3.50134e+06 
5.5053e+06 5.66783e+06 5.92526e+06 5.54309e+06 4.85998e+06 4.27851e+06 3.83481e+06 
5.47262e+06 5.47412e+06 5.63508e+06 5.89486e+06 5.47961e+06 4.81008e+06 4.24762e+06 
5.45518e+06 5.42374e+06 5.41839e+06 5.57513e+06 5.83709e+06 5.43283e+06 4.78489e+06 
5.38408e+06 5.42489e+06 5.37908e+06 5.36176e+06 5.5209e+06 5.78167e+06 5.39296e+06 
5.19617e+06 5.33826e+06 5.36792e+06 5.31714e+06 5.30199e+06 5.463e+06 5.71737e+06 

5.96046e+06 5.63942e+06 5.06788e+06 4.50982e+06 4.03531e+06 3.63061e+06 3.20859e+06 
5.77363e+06 6.03548e+06 5.71515e+06 5.08164e+06 4.47573e+06 3.99743e+06 3.60797e+06 
5.66484e+06 5.83245e+06 6.09879e+06 5.73075e+06 5.03616e+06 4.42869e+06 3.97065e+06 
5.66749e+06 5.66811e+06 5.83555e+06 6.10179e+06 5.68385e+06 4.98522e+06 4.40222e+06 
5.66625e+06 5.63088e+06 5.62705e+06 5.7898e+06 6.06036e+06 5.63621e+06 4.96282e+06 
5.60009e+06 5.64026e+06 5.5976e+06 5.58256e+06 5.74557e+06 6.01467e+06 5.61018e+06 
5.43911e+06 5.5857e+06 5.61981e+06 5.56615e+06 5.54541e+06 5.71033e+06 5.97643e+06 

7.43316e+06 6.95612e+06 6.19274e+06 5.53524e+06 5.01046e+06 4.54763e+06 4.04872e+06 
7.09303e+06 7.42247e+06 6.97639e+06 6.22212e+06 5.54926e+06 4.99847e+06 4.53657e+06 
6.91229e+06 7.11817e+06 7.44377e+06 7.00582e+06 6.23898e+06 5.53422e+06 4.98485e+06 
6.95284e+06 6.94081e+06 7.14499e+06 7.46848e+06 7.02405e+06 6.21439e+06 5.51384e+06 
7.01773e+06 6.96322e+06 6.95757e+06 7.16115e+06 7.48335e+06 7.00294e+06 6.19907e+06 
6.9543e+06 7.00052e+06 6.95284e+06 6.9436e+06 7.14247e+06 7.4703e+06 6.99514e+06 
6.76596e+06 6.94846e+06 6.99614e+06 6.94121e+06 6.92289e+06 7.12497e+06 7.45518e+06 

7.34436e+06 6.82811e+06 6.04876e+06 5.40423e+06 4.88382e+06 4.42613e+06 3.93158e+06 
6.93799e+06 7.26076e+06 6.79536e+06 6.05746e+06 5.3908e+06 4.84555e+06 4.38826e+06 
6.722e+06 6.92119e+06 7.24023e+06 6.81348e+06 6.05318e+06 5.35691e+06 4.8136e+06 
6.7399e+06 6.72787e+06 6.92823e+06 7.24724e+06 6.80375e+06 6.00436e+06 5.31182e+06 
6.77554e+06 6.72069e+06 6.71493e+06 6.91544e+06 7.22889e+06 6.75039e+06 5.95488e+06 
6.67824e+06 6.72183e+06 6.67698e+06 6.67411e+06 6.86738e+06 7.18086e+06 6.70561e+06 
6.46111e+06 6.63761e+06 6.68539e+06 6.64042e+06 6.6283e+06 6.82025e+06 7.13712e+06 

7.30029e+06 6.77973e+06 5.9462e+06 5.2925e+06 4.78814e+06 4.3376e+06 3.84089e+06 
6.84658e+06 7.16831e+06 6.65793e+06 5.90677e+06 5.25826e+06 4.71957e+06 4.26088e+06 
6.56395e+06 6.76065e+06 7.07704e+06 6.63141e+06 5.89194e+06 5.2052e+06 4.66134e+06 
6.54519e+06 6.53634e+06 6.73184e+06 7.04439e+06 6.61528e+06 5.82879e+06 5.13672e+06 
6.56574e+06 6.51309e+06 6.50595e+06 6.70264e+06 7.01174e+06 6.54038e+06 5.744e+06 
6.44555e+06 6.48797e+06 6.44154e+06 6.44068e+06 6.63203e+06 6.9344e+06 6.45138e+06 
6.18801e+06 6.35951e+06 6.40452e+06 6.36591e+06 6.36194e+06 6.54605e+06 6.84882e+06 

8.9205e+06 8.36066e+06 7.4183e+06 6.6289e+06 6.01365e+06 5.46702e+06 4.87333e+06 
8.48632e+06 8.88273e+06 8.32537e+06 7.41946e+06 6.62544e+06 5.97213e+06 5.42723e+06 
8.2222e+06 8.4692e+06 8.85622e+06 8.32285e+06 7.41411e+06 6.58414e+06 5.93706e+06 
8.25695e+06 8.24725e+06 8.48633e+06 8.86358e+06 8.34362e+06 7.39241e+06 6.56675e+06 
8.33075e+06 8.26812e+06 8.25324e+06 8.49237e+06 8.88402e+06 8.32444e+06 7.37691e+06 
8.2568e+06 8.30928e+06 8.24483e+06 8.22755e+06 8.47195e+06 8.86322e+06 8.29802e+06 
8.0195e+06 8.23594e+06 8.28946e+06 8.2211e+06 8.21111e+06 8.45235e+06 8.83286e+06 

8.94258e+06 8.39496e+06 7.44329e+06 6.63777e+06 6.02398e+06 5.48238e+06 4.88297e+06 
8.52639e+06 8.92593e+06 8.36793e+06 7.44268e+06 6.64994e+06 6.00358e+06 5.44817e+06 
8.24323e+06 8.49451e+06 8.89004e+06 8.34265e+06 7.43783e+06 6.60794e+06 5.94746e+06 
8.25452e+06 8.2452e+06 8.49054e+06 8.87546e+06 8.352e+06 7.39934e+06 6.56171e+06 
8.33348e+06 8.2717e+06 8.26249e+06 8.50259e+06 8.88684e+06 8.33053e+06 7.36795e+06 
8.25939e+06 8.31502e+06 8.25062e+06 8.23142e+06 8.47181e+06 8.86331e+06 8.2911e+06 
8.01747e+06 8.2337e+06 8.28324e+06 8.21494e+06 8.19794e+06 8.4412e+06 8.82618e+06 

8.94872e+06 8.42037e+06 7.47371e+06 6.65334e+06 6.0278e+06 5.49708e+06 4.90173e+06 
8.56485e+06 8.95936e+06 8.41002e+06 7.46819e+06 6.66446e+06 6.02846e+06 5.47578e+06 
8.28232e+06 8.5302e+06 8.93351e+06 8.37921e+06 7.45933e+06 6.64063e+06 5.98382e+06 
8.26944e+06 8.25061e+06 8.50237e+06 8.89804e+06 8.36106e+06 7.42528e+06 6.58409e+06 
8.3315e+06 8.26364e+06 8.25385e+06 8.50094e+06 8.89101e+06 8.34454e+06 7.37719e+06 
8.26377e+06 8.3184e+06 8.25528e+06 8.24382e+06 8.48619e+06 8.87383e+06 8.30233e+06 
8.01705e+06 8.23522e+06 8.28881e+06 8.22272e+06 8.20297e+06 8.44355e+06 8.82952e+06 

9.13638e+06 8.55808e+06 7.54129e+06 6.71134e+06 6.07988e+06 5.50892e+06 4.88112e+06 
8.66224e+06 9.07166e+06 8.46109e+06 7.50648e+06 6.69102e+06 6.00887e+06 5.4308e+06 
8.34338e+06 8.59833e+06 8.99636e+06 8.42319e+06 7.49201e+06 6.62514e+06 5.94063e+06 
8.32957e+06 8.32703e+06 8.57094e+06 8.95316e+06 8.41523e+06 7.42159e+06 6.55301e+06 
8.36798e+06 8.3106e+06 8.30355e+06 8.54439e+06 8.93268e+06 8.34022e+06 7.3405e+06 
8.23912e+06 8.29605e+06 8.23828e+06 8.23043e+06 8.4713e+06 8.86112e+06 8.25806e+06 
7.94572e+06 8.16481e+06 8.22202e+06 8.1659e+06 8.15496e+06 8.39372e+06 8.78467e+06 

9.17752e+06 8.57924e+06 7.57006e+06 6.72024e+06 6.09233e+06 5.54536e+06 4.91989e+06 
8.67477e+06 9.0722e+06 8.47649e+06 7.49714e+06 6.68943e+06 6.03238e+06 5.45274e+06 
8.34944e+06 8.59963e+06 8.99875e+06 8.40824e+06 7.48402e+06 6.64315e+06 5.95365e+06 
8.31822e+06 8.31088e+06 8.5567e+06 8.9439e+06 8.40501e+06 7.44445e+06 6.56898e+06 
8.362e+06 8.30393e+06 8.29828e+06 8.5402e+06 8.92899e+06 8.36626e+06 7.36112e+06 
8.25715e+06 8.31742e+06 8.25782e+06 8.24922e+06 8.49276e+06 8.88371e+06 8.2778e+06 
7.95552e+06 8.17765e+06 8.23382e+06 8.1756e+06 8.16974e+06 8.41028e+06 8.79865e+06 

9.23127e+06 8.61635e+06 7.5879e+06 6.73213e+06 6.08913e+06 5.5587e+06 4.95206e+06 
8.7067e+06 9.10277e+06 8.48749e+06 7.50162e+06 6.68219e+06 6.04495e+06 5.48074e+06 
8.35856e+06 8.60324e+06 8.99635e+06 8.40841e+06 7.46718e+06 6.64986e+06 5.97532e+06 
8.31832e+06 8.30528e+06 8.55053e+06 8.94073e+06 8.38474e+06 7.45222e+06 6.59139e+06 
8.34933e+06 8.29155e+06 8.28457e+06 8.52728e+06 8.91798e+06 8.37473e+06 7.38924e+06 
8.26702e+06 8.32922e+06 8.26839e+06 8.2602e+06 8.50486e+06 8.89447e+06 8.3072e+06 
7.97635e+06 8.20111e+06 8.25865e+06 8.19818e+06 8.19428e+06 8.43611e+06 8.8236e+06 

8.77214e+06 8.22749e+06 7.29692e+06 6.46756e+06 5.82776e+06 5.29049e+06 4.69814e+06 
8.36523e+06 8.74764e+06 8.20709e+06 7.25618e+06 6.43717e+06 5.79548e+06 5.24796e+06 
8.10008e+06 8.34147e+06 8.72998e+06 8.16229e+06 7.22169e+06 6.40225e+06 5.75283e+06 
8.07287e+06 8.06434e+06 8.30497e+06 8.68242e+06 8.12123e+06 7.1824e+06 6.35533e+06 
8.10193e+06 8.04413e+06 8.03892e+06 8.27198e+06 8.64628e+06 8.09049e+06 7.13944e+06 
8.01476e+06 8.07053e+06 8.01543e+06 8.00507e+06 8.23652e+06 8.61531e+06 8.04823e+06 
7.76532e+06 7.9779e+06 8.03332e+06 7.97081e+06 7.95242e+06 8.18584e+06 8.56716e+06 

8.80864e+06 8.23385e+06 7.29827e+06 6.48973e+06 5.85265e+06 5.3193e+06 4.71695e+06 
8.36648e+06 8.74166e+06 8.19506e+06 7.27184e+06 6.45578e+06 5.81562e+06 5.25845e+06 
8.09578e+06 8.33166e+06 8.72111e+06 8.1801e+06 7.24273e+06 6.42393e+06 5.76275e+06 
8.08581e+06 8.07354e+06 8.3177e+06 8.70194e+06 8.14295e+06 7.2074e+06 6.36452e+06 
8.11781e+06 8.05532e+06 8.04908e+06 8.28678e+06 8.66234e+06 8.10947e+06 7.14023e+06 
8.0223e+06 8.07674e+06 8.02115e+06 8.01833e+06 8.25173e+06 8.62764e+06 8.04626e+06 
7.75426e+06 7.96726e+06 8.02418e+06 7.97099e+06 7.95778e+06 8.18789e+06 8.56845e+06 

8.86504e+06 8.28082e+06 7.31789e+06 6.51652e+06 5.89739e+06 5.36858e+06 4.76544e+06 
8.39336e+06 8.77026e+06 8.19904e+06 7.28021e+06 6.48665e+06 5.85074e+06 5.29239e+06 
8.1009e+06 8.33578e+06 8.7211e+06 8.18134e+06 7.27233e+06 6.45834e+06 5.79385e+06 
8.0987e+06 8.08443e+06 8.32534e+06 8.7108e+06 8.1784e+06 7.24974e+06 6.4017e+06 
8.1552e+06 8.09046e+06 8.08024e+06 8.32121e+06 8.70337e+06 8.15735e+06 7.18365e+06 
8.06759e+06 8.12195e+06 8.06102e+06 8.05769e+06 8.29651e+06 8.67382e+06 8.08875e+06 
7.78877e+06 8.00344e+06 8.05876e+06 8.00625e+06 8.00066e+06 8.2321e+06 8.61051e+06 

9.15164e+06 8.57867e+06 7.56033e+06 6.72443e+06 6.10947e+06 5.55574e+06 4.92868e+06 
8.6732e+06 9.0815e+06 8.47717e+06 7.51452e+06 6.71705e+06 6.05217e+06 5.47354e+06 
8.34998e+06 8.60684e+06 9.01167e+06 8.43013e+06 7.51887e+06 6.67024e+06 5.98458e+06 
8.33964e+06 8.33483e+06 8.58251e+06 8.96554e+06 8.44114e+06 7.47065e+06 6.60053e+06 
8.40304e+06 8.34408e+06 8.33778e+06 8.57903e+06 8.9648e+06 8.39378e+06 7.39218e+06 
8.29621e+06 8.35342e+06 8.29486e+06 8.28737e+06 8.52878e+06 8.91718e+06 8.31382e+06 
8.00756e+06 8.22735e+06 8.28396e+06 8.22878e+06 8.21918e+06 8.45762e+06 8.84811e+06 

9.19699e+06 8.59549e+06 7.58498e+06 6.73303e+06 6.10978e+06 5.57987e+06 4.96296e+06 
8.68812e+06 9.08375e+06 8.48983e+06 7.50827e+06 6.70684e+06 6.06816e+06 5.4954e+06 
8.35518e+06 8.60436e+06 9.00619e+06 8.41618e+06 7.49723e+06 6.67676e+06 5.99406e+06 
8.32679e+06 8.31515e+06 8.56375e+06 8.95308e+06 8.4155e+06 7.47982e+06 6.61135e+06 
8.38475e+06 8.32427e+06 8.31823e+06 8.56092e+06 8.9488e+06 8.40738e+06 7.41118e+06 
8.30652e+06 8.36665e+06 8.30635e+06 8.29728e+06 8.54171e+06 8.93224e+06 8.33499e+06 
8.01658e+06 8.2398e+06 8.29605e+06 8.23611e+06 8.23075e+06 8.47218e+06 8.85959e+06 

9.25185e+06 8.63739e+06 7.60625e+06 6.747e+06 6.10518e+06 5.58324e+06 4.99139e+06 
8.73077e+06 9.13059e+06 8.51286e+06 7.52084e+06 6.70534e+06 6.07918e+06 5.52757e+06 
8.37478e+06 8.62019e+06 9.01384e+06 8.42319e+06 7.48663e+06 6.68139e+06 6.01963e+06 
8.33452e+06 8.31603e+06 8.56202e+06 8.95454e+06 8.40199e+06 7.48238e+06 6.6358e+06 
8.37314e+06 8.31222e+06 8.3043e+06 8.54897e+06 8.93987e+06 8.40661e+06 7.43943e+06 
8.30811e+06 8.36971e+06 8.30881e+06 8.29959e+06 8.5446e+06 8.9352e+06 8.36448e+06 
8.0407e+06 8.2665e+06 8.32455e+06 8.26117e+06 8.25622e+06 8.5001e+06 8.88724e+06 

9.06164e+06 8.46223e+06 7.49485e+06 6.64126e+06 5.96246e+06 5.40318e+06 4.81441e+06 
8.60362e+06 8.99956e+06 8.42343e+06 7.44425e+06 6.58178e+06 5.91854e+06 5.37675e+06 
8.32482e+06 8.56933e+06 8.95005e+06 8.36672e+06 7.37324e+06 6.5333e+06 5.88814e+06 
8.27887e+06 8.27537e+06 8.51073e+06 8.89037e+06 8.29666e+06 7.33141e+06 6.50893e+06 
8.27169e+06 8.2199e+06 8.20588e+06 8.44013e+06 8.83164e+06 8.25568e+06 7.31286e+06 
8.1791e+06 8.2371e+06 8.17181e+06 8.15291e+06 8.39439e+06 8.78721e+06 8.23022e+06 
7.93664e+06 8.15474e+06 8.20827e+06 8.13911e+06 8.12535e+06 8.36975e+06 8.76029e+06 

9.07882e+06 8.46286e+06 7.50638e+06 6.67132e+06 5.9812e+06 5.40884e+06 4.81224e+06 
8.60215e+06 9.0011e+06 8.43013e+06 7.47712e+06 6.59953e+06 5.9223e+06 5.37282e+06 
8.33039e+06 8.57604e+06 8.95999e+06 8.40278e+06 7.39316e+06 6.53465e+06 5.88162e+06 
8.30337e+06 8.29992e+06 8.5402e+06 8.92422e+06 8.31694e+06 7.32812e+06 6.49817e+06 
8.28436e+06 8.2309e+06 8.22129e+06 8.45717e+06 8.84526e+06 8.25137e+06 7.29888e+06 
8.17571e+06 8.23322e+06 8.17326e+06 8.15592e+06 8.39432e+06 8.78602e+06 8.21992e+06 
7.92485e+06 8.14217e+06 8.19678e+06 8.12867e+06 8.113e+06 8.35559e+06 8.74458e+06 

9.08854e+06 8.47617e+06 7.51293e+06 6.69513e+06 6.01068e+06 5.42764e+06 4.81971e+06 
8.61209e+06 9.01574e+06 8.43656e+06 7.50406e+06 6.63185e+06 5.94216e+06 5.38169e+06 
8.33784e+06 8.58546e+06 8.97324e+06 8.43364e+06 7.43402e+06 6.55836e+06 5.89343e+06 
8.3321e+06 8.32676e+06 8.57065e+06 8.95921e+06 8.36145e+06 7.35236e+06 6.50784e+06 
8.3244e+06 8.26667e+06 8.2608e+06 8.50088e+06 8.88794e+06 8.2786e+06 7.30805e+06 
8.19622e+06 8.25285e+06 8.19812e+06 8.18546e+06 8.42216e+06 8.81283e+06 8.23306e+06 
7.93973e+06 8.15749e+06 8.21472e+06 8.14946e+06 8.13175e+06 8.37257e+06 8.7632e+06 

8.76513e+06 8.20084e+06 7.2527e+06 6.44389e+06 5.81614e+06 5.28659e+06 4.7141e+06 
8.3442e+06 8.72575e+06 8.15857e+06 7.22782e+06 6.42796e+06 5.79806e+06 5.26878e+06 
8.06981e+06 8.30515e+06 8.67698e+06 8.12596e+06 7.20968e+06 6.40506e+06 5.77283e+06 
8.05338e+06 8.04194e+06 8.27259e+06 8.6509e+06 8.11306e+06 7.18982e+06 6.38307e+06 
8.10043e+06 8.03942e+06 8.02287e+06 8.25797e+06 8.64098e+06 8.09696e+06 7.17225e+06 
8.02489e+06 8.07845e+06 8.01012e+06 7.9925e+06 8.23049e+06 8.61349e+06 8.06925e+06 
7.79619e+06 8.00816e+06 8.0574e+06 7.99093e+06 7.97717e+06 8.21652e+06 8.59885e+06 

8.76149e+06 8.21282e+06 7.25576e+06 6.43213e+06 5.79985e+06 5.26226e+06 4.68376e+06 
8.3497e+06 8.73758e+06 8.16677e+06 7.21863e+06 6.41109e+06 5.77211e+06 5.23764e+06 
8.0667e+06 8.3072e+06 8.68388e+06 8.11484e+06 7.18921e+06 6.37476e+06 5.73892e+06 
8.04132e+06 8.0351e+06 8.26694e+06 8.63936e+06 8.09378e+06 7.15878e+06 6.34887e+06 
8.0763e+06 8.02134e+06 8.00998e+06 8.241e+06 8.62037e+06 8.06635e+06 7.13649e+06 
7.99471e+06 8.05063e+06 7.98716e+06 7.96897e+06 8.20336e+06 8.5854e+06 8.03529e+06 
7.74839e+06 7.96002e+06 8.01054e+06 7.94232e+06 7.92477e+06 8.16231e+06 8.54318e+06 

8.74513e+06 8.21758e+06 7.27766e+06 6.44964e+06 5.80903e+06 5.26151e+06 4.67267e+06 
8.34974e+06 8.73875e+06 8.18656e+06 7.23547e+06 6.41581e+06 5.76488e+06 5.22069e+06 
8.07634e+06 8.32006e+06 8.70552e+06 8.13511e+06 7.19585e+06 6.36608e+06 5.72076e+06 
8.04795e+06 8.04168e+06 8.27926e+06 8.65333e+06 8.09547e+06 7.14208e+06 6.32187e+06 
8.07255e+06 8.01703e+06 8.01232e+06 8.24384e+06 8.61816e+06 8.0499e+06 7.10724e+06 
7.97773e+06 8.03389e+06 7.97897e+06 7.96476e+06 8.19519e+06 8.57513e+06 8.0122e+06 
7.73528e+06 7.94663e+06 8.0005e+06 7.93433e+06 7.91554e+06 8.14952e+06 8.5272e+06 

8.81227e+06 8.2361e+06 7.28448e+06 6.51174e+06 5.88364e+06 5.32796e+06 4.73758e+06 
8.37839e+06 8.77336e+06 8.19644e+06 7.31172e+06 6.50633e+06 5.84636e+06 5.3027e+06 
8.12079e+06 8.36249e+06 8.7394e+06 8.22624e+06 7.30678e+06 6.46739e+06 5.82217e+06 
8.15373e+06 8.14543e+06 8.38106e+06 8.75828e+06 8.22434e+06 7.25971e+06 6.43705e+06 
8.20282e+06 8.14169e+06 8.13081e+06 8.36795e+06 8.75059e+06 8.1737e+06 7.22787e+06 
8.10792e+06 8.16094e+06 8.10147e+06 8.08873e+06 8.32409e+06 8.70789e+06 8.14682e+06 
7.8743e+06 8.0874e+06 8.14196e+06 8.07774e+06 8.05882e+06 8.29611e+06 8.68338e+06 

8.82058e+06 8.23978e+06 7.28476e+06 6.50543e+06 5.89655e+06 5.35258e+06 4.75281e+06 
8.3751e+06 8.76238e+06 8.19006e+06 7.2953e+06 6.51192e+06 5.86218e+06 5.3081e+06 
8.11494e+06 8.35506e+06 8.73543e+06 8.21012e+06 7.31702e+06 6.4872e+06 5.8288e+06 
8.14511e+06 8.13578e+06 8.37238e+06 8.75179e+06 8.23767e+06 7.28695e+06 6.44878e+06 
8.21927e+06 8.15706e+06 8.14574e+06 8.38449e+06 8.76808e+06 8.20563e+06 7.24252e+06 
8.13273e+06 8.18687e+06 8.12363e+06 8.11225e+06 8.35054e+06 8.73504e+06 8.16014e+06 
7.87882e+06 8.09254e+06 8.14503e+06 8.08468e+06 8.0706e+06 8.3074e+06 8.69374e+06 

8.86551e+06 8.26256e+06 7.29022e+06 6.50346e+06 5.89556e+06 5.3739e+06 4.7803e+06 
8.38892e+06 8.7696e+06 8.18498e+06 7.28213e+06 6.50232e+06 5.87604e+06 5.32621e+06 
8.11337e+06 8.34851e+06 8.72694e+06 8.19856e+06 7.30609e+06 6.50326e+06 5.84816e+06 
8.136e+06 8.12391e+06 8.36099e+06 8.74347e+06 8.22553e+06 7.3095e+06 6.47249e+06 
8.21687e+06 8.15426e+06 8.14012e+06 8.37935e+06 8.76443e+06 8.22936e+06 7.26778e+06 
8.1579e+06 8.21301e+06 8.14488e+06 8.13461e+06 8.37528e+06 8.75629e+06 8.18589e+06 
7.89975e+06 8.11481e+06 8.16622e+06 8.1074e+06 8.09655e+06 8.33314e+06 8.72099e+06 

7.94053e+06 7.55768e+06 6.77966e+06 6.03978e+06 5.43928e+06 4.93524e+06 4.40755e+06 
7.68265e+06 8.03894e+06 7.60329e+06 6.76101e+06 5.98916e+06 5.39288e+06 4.90645e+06 
7.50036e+06 7.72861e+06 8.08766e+06 7.59827e+06 6.71155e+06 5.94981e+06 5.37109e+06 
7.49306e+06 7.48638e+06 7.71047e+06 8.06372e+06 7.53422e+06 6.65363e+06 5.92341e+06 
7.50011e+06 7.44268e+06 7.42887e+06 7.64419e+06 7.9876e+06 7.46691e+06 6.6276e+06 
7.43208e+06 7.47724e+06 7.41552e+06 7.39348e+06 7.60857e+06 7.95695e+06 7.45895e+06 
7.24074e+06 7.43031e+06 7.47054e+06 7.41148e+06 7.40119e+06 7.6185e+06 7.96218e+06 

7.8759e+06 7.51378e+06 6.77824e+06 6.06844e+06 5.46624e+06 4.94031e+06 4.40205e+06 
7.64575e+06 8.00691e+06 7.59934e+06 6.7935e+06 6.01791e+06 5.39664e+06 4.90274e+06 
7.50072e+06 7.73202e+06 8.09038e+06 7.63111e+06 6.743e+06 5.95438e+06 5.37183e+06 
7.53534e+06 7.53029e+06 7.75545e+06 8.10972e+06 7.58831e+06 6.67883e+06 5.93666e+06 
7.54466e+06 7.48729e+06 7.47351e+06 7.69377e+06 8.04829e+06 7.4986e+06 6.64059e+06 
7.44736e+06 7.49174e+06 7.43164e+06 7.4144e+06 7.63104e+06 7.97424e+06 7.46306e+06 
7.25315e+06 7.44356e+06 7.48739e+06 7.42729e+06 7.41215e+06 7.62537e+06 7.96858e+06 

7.82777e+06 7.48065e+06 6.76404e+06 6.0821e+06 5.50773e+06 4.99028e+06 4.42757e+06 
7.62678e+06 7.97848e+06 7.59081e+06 6.81872e+06 6.07308e+06 5.45634e+06 4.93703e+06 
7.49645e+06 7.72562e+06 8.09003e+06 7.65554e+06 6.80508e+06 6.01638e+06 5.40563e+06 
7.57371e+06 7.56741e+06 7.79877e+06 8.15698e+06 7.66461e+06 6.76021e+06 5.9821e+06 
7.61944e+06 7.56099e+06 7.55322e+06 7.77704e+06 8.13513e+06 7.5962e+06 6.69534e+06 
7.51394e+06 7.56198e+06 7.50369e+06 7.4882e+06 7.70778e+06 8.05723e+06 7.51511e+06 
7.29809e+06 7.49224e+06 7.53694e+06 7.47423e+06 7.45452e+06 7.66974e+06 8.01566e+06 

9.09059e+06 8.53091e+06 7.58061e+06 6.72442e+06 6.05682e+06 5.49128e+06 4.86973e+06 
8.66636e+06 9.05745e+06 8.50737e+06 7.5245e+06 6.67326e+06 5.99881e+06 5.42305e+06 
8.38797e+06 8.63526e+06 9.03186e+06 8.4478e+06 7.47249e+06 6.61139e+06 5.92613e+06 
8.34261e+06 8.33344e+06 8.58011e+06 8.97283e+06 8.3909e+06 7.403e+06 6.53311e+06 
8.34586e+06 8.28625e+06 8.28301e+06 8.52589e+06 8.91283e+06 8.32514e+06 7.32739e+06 
8.21732e+06 8.27684e+06 8.22337e+06 8.21645e+06 8.45608e+06 8.84974e+06 8.25074e+06 
7.92488e+06 8.14686e+06 8.20637e+06 8.14673e+06 8.13421e+06 8.37606e+06 8.76889e+06 

9.13098e+06 8.55607e+06 7.60404e+06 6.7462e+06 6.06683e+06 5.50936e+06 4.91012e+06 
8.68489e+06 9.07952e+06 8.52333e+06 7.53778e+06 6.67726e+06 6.01448e+06 5.45919e+06 
8.40677e+06 8.65263e+06 9.04384e+06 8.46448e+06 7.4766e+06 6.63091e+06 5.96696e+06 
8.35896e+06 8.34462e+06 8.58972e+06 8.98617e+06 8.39486e+06 7.42376e+06 6.57637e+06 
8.35483e+06 8.29236e+06 8.28336e+06 8.52897e+06 8.91683e+06 8.33648e+06 7.36575e+06 
8.23952e+06 8.29693e+06 8.23972e+06 8.23644e+06 8.47606e+06 8.86206e+06 8.28809e+06 
7.95982e+06 8.18164e+06 8.24188e+06 8.18776e+06 8.17871e+06 8.41857e+06 8.81319e+06 

9.19141e+06 8.60286e+06 7.63771e+06 6.78229e+06 6.10278e+06 5.53465e+06 4.93392e+06 
8.71125e+06 9.1154e+06 8.54777e+06 7.5679e+06 6.70029e+06 6.02499e+06 5.4736e+06 
8.42134e+06 8.67311e+06 9.0697e+06 8.4916e+06 7.49339e+06 6.63763e+06 5.98156e+06 
8.37918e+06 8.36986e+06 8.61537e+06 9.00846e+06 8.41531e+06 7.43167e+06 6.59526e+06 
8.3762e+06 8.31265e+06 8.29668e+06 8.5409e+06 8.93272e+06 8.34322e+06 7.38224e+06 
8.26038e+06 8.31218e+06 8.24918e+06 8.24086e+06 8.48376e+06 8.86768e+06 8.29547e+06 
7.98508e+06 8.20273e+06 8.25911e+06 8.2045e+06 8.20006e+06 8.43814e+06 8.82548e+06 

9.26874e+06 8.66151e+06 7.66162e+06 6.84088e+06 6.21855e+06 5.67343e+06 5.04505e+06 
8.77154e+06 9.16828e+06 8.57565e+06 7.63072e+06 6.83152e+06 6.17539e+06 5.59201e+06 
8.47946e+06 8.72714e+06 9.12442e+06 8.56902e+06 7.65678e+06 6.81486e+06 6.11856e+06 
8.50086e+06 8.48662e+06 8.73525e+06 9.13361e+06 8.61013e+06 7.65016e+06 6.76198e+06 
8.58825e+06 8.52323e+06 8.51305e+06 8.76454e+06 9.16573e+06 8.60627e+06 7.5881e+06 
8.50815e+06 8.56816e+06 8.50268e+06 8.49618e+06 8.74802e+06 9.14632e+06 8.53709e+06 
8.20573e+06 8.43341e+06 8.49066e+06 8.43278e+06 8.42893e+06 8.6747e+06 9.07379e+06 

9.28068e+06 8.67752e+06 7.67094e+06 6.84132e+06 6.20879e+06 5.65344e+06 5.04419e+06 
8.79211e+06 9.20082e+06 8.59804e+06 7.64067e+06 6.83002e+06 6.16616e+06 5.60374e+06 
8.48229e+06 8.73442e+06 9.12899e+06 8.56236e+06 7.6363e+06 6.78984e+06 6.11796e+06 
8.49441e+06 8.48024e+06 8.72451e+06 9.11681e+06 8.58667e+06 7.61716e+06 6.75916e+06 
8.56782e+06 8.50254e+06 8.48888e+06 8.73799e+06 9.13954e+06 8.56959e+06 7.58759e+06 
8.48516e+06 8.54194e+06 8.47757e+06 8.46652e+06 8.71744e+06 9.11795e+06 8.53487e+06 
8.21671e+06 8.4429e+06 8.50098e+06 8.43743e+06 8.43153e+06 8.67965e+06 9.07488e+06 

9.28725e+06 8.69195e+06 7.68371e+06 6.84012e+06 6.20601e+06 5.64925e+06 5.02768e+06 
8.81558e+06 9.2246e+06 8.62899e+06 7.66032e+06 6.83964e+06 6.17228e+06 5.60086e+06 
8.49388e+06 8.7508e+06 9.15776e+06 8.57838e+06 7.63749e+06 6.78661e+06 6.10759e+06 
8.4917e+06 8.4841e+06 8.73368e+06 9.12354e+06 8.57832e+06 7.60337e+06 6.74201e+06 
8.56112e+06 8.49725e+06 8.48459e+06 8.72864e+06 9.1246e+06 8.55685e+06 7.56786e+06 
8.47617e+06 8.53088e+06 8.46624e+06 8.44901e+06 8.69857e+06 9.10297e+06 8.51117e+06 
8.213e+06 8.43586e+06 8.49025e+06 8.42344e+06 8.4123e+06 8.66209e+06 9.05626e+06 

9.12554e+06 8.53663e+06 7.55571e+06 6.75712e+06 6.10708e+06 5.52431e+06 4.90652e+06 
8.66976e+06 9.0819e+06 8.48829e+06 7.57404e+06 6.73902e+06 6.04766e+06 5.47899e+06 
8.39648e+06 8.64986e+06 9.03853e+06 8.50692e+06 7.55421e+06 6.67625e+06 6.00193e+06 
8.42107e+06 8.41775e+06 8.66038e+06 9.04646e+06 8.49375e+06 7.48381e+06 6.627e+06 
8.4607e+06 8.40206e+06 8.3931e+06 8.63579e+06 9.02901e+06 8.42314e+06 7.4373e+06 
8.34386e+06 8.40036e+06 8.34088e+06 8.32734e+06 8.56916e+06 8.96493e+06 8.37716e+06 
8.08202e+06 8.3026e+06 8.35907e+06 8.29419e+06 8.27663e+06 8.52147e+06 8.9205e+06 

9.11541e+06 8.53631e+06 7.5535e+06 6.7428e+06 6.11104e+06 5.53902e+06 4.91204e+06 
8.66362e+06 9.06879e+06 8.48277e+06 7.55171e+06 6.73713e+06 6.05421e+06 5.4764e+06 
8.38819e+06 8.64088e+06 9.03591e+06 8.48586e+06 7.55702e+06 6.68803e+06 6.00314e+06 
8.40656e+06 8.40124e+06 8.64572e+06 9.03344e+06 8.49951e+06 7.50365e+06 6.63246e+06 
8.46789e+06 8.40715e+06 8.3976e+06 8.64253e+06 9.03647e+06 8.4427e+06 7.44004e+06 
8.35656e+06 8.41294e+06 8.35163e+06 8.34349e+06 8.58734e+06 8.98056e+06 8.37929e+06 
8.07668e+06 8.29744e+06 8.35422e+06 8.29641e+06 8.28302e+06 8.52465e+06 8.92252e+06 

9.15238e+06 8.54455e+06 7.56373e+06 6.75147e+06 6.12226e+06 5.5646e+06 4.94042e+06 
8.66265e+06 9.06021e+06 8.4776e+06 7.54427e+06 6.73569e+06 6.06822e+06 5.49027e+06 
8.3844e+06 8.63255e+06 9.02514e+06 8.47626e+06 7.55376e+06 6.70045e+06 6.01271e+06 
8.40313e+06 8.39427e+06 8.63915e+06 9.03087e+06 8.49842e+06 7.52208e+06 6.64728e+06 
8.47203e+06 8.41038e+06 8.40096e+06 8.64727e+06 9.0422e+06 8.46597e+06 7.46134e+06 
8.37758e+06 8.43604e+06 8.37237e+06 8.36343e+06 8.60954e+06 9.00341e+06 8.40113e+06 
8.09204e+06 8.31463e+06 8.37004e+06 8.3114e+06 8.30307e+06 8.54582e+06 8.94142e+06 

8.09807e+06 7.59852e+06 6.74526e+06 6.00208e+06 5.42572e+06 4.94751e+06 4.42838e+06 
7.74165e+06 8.09882e+06 7.59841e+06 6.74599e+06 6.00801e+06 5.43887e+06 4.95757e+06 
7.50009e+06 7.72233e+06 8.0799e+06 7.58088e+06 6.73502e+06 6.0022e+06 5.42803e+06 
7.50912e+06 7.49236e+06 7.71563e+06 8.07553e+06 7.57864e+06 6.73744e+06 6.00328e+06 
7.5719e+06 7.50849e+06 7.49119e+06 7.71338e+06 8.06994e+06 7.58087e+06 6.73765e+06 
7.52857e+06 7.57505e+06 7.50688e+06 7.48443e+06 7.70664e+06 8.06138e+06 7.56953e+06 
7.34606e+06 7.54036e+06 7.581e+06 7.51244e+06 7.49391e+06 7.71706e+06 8.06705e+06 

8.18526e+06 7.69817e+06 6.86745e+06 6.12368e+06 5.53219e+06 5.0333e+06 4.50399e+06 
7.84918e+06 8.21691e+06 7.73658e+06 6.8846e+06 6.12706e+06 5.53578e+06 5.04489e+06 
7.63745e+06 7.86768e+06 8.23052e+06 7.73553e+06 6.8687e+06 6.10899e+06 5.52466e+06 
7.65516e+06 7.64134e+06 7.86893e+06 8.23181e+06 7.72345e+06 6.84934e+06 6.10291e+06 
7.71942e+06 7.65906e+06 7.6454e+06 7.87013e+06 8.23069e+06 7.71674e+06 6.85853e+06 
7.6657e+06 7.71475e+06 7.64957e+06 7.62696e+06 7.84972e+06 8.2096e+06 7.70931e+06 
7.46802e+06 7.66603e+06 7.70902e+06 7.63858e+06 7.61621e+06 7.84233e+06 8.1997e+06 

8.24604e+06 7.76877e+06 6.94845e+06 6.21823e+06 5.6265e+06 5.11619e+06 4.56267e+06 
7.92935e+06 8.2979e+06 7.82819e+06 6.99451e+06 6.2341e+06 5.62745e+06 5.11342e+06 
7.74077e+06 7.97348e+06 8.3418e+06 7.86433e+06 6.99619e+06 6.21569e+06 5.60554e+06 
7.78215e+06 7.76998e+06 8.00326e+06 8.37096e+06 7.86362e+06 6.96721e+06 6.18885e+06 
7.85346e+06 7.7934e+06 7.78506e+06 8.01339e+06 8.37707e+06 7.84965e+06 6.95324e+06 
7.79699e+06 7.8489e+06 7.7881e+06 7.76932e+06 7.99358e+06 8.35928e+06 7.8328e+06 
7.59282e+06 7.79552e+06 7.84203e+06 7.77259e+06 7.74706e+06 7.97559e+06 8.34285e+06 

8.66198e+06 8.12683e+06 7.1682e+06 6.37683e+06 5.78661e+06 5.25422e+06 4.66441e+06 
8.23339e+06 8.62386e+06 8.05331e+06 7.14174e+06 6.37799e+06 5.74126e+06 5.1973e+06 
7.95139e+06 8.19591e+06 8.57884e+06 8.02986e+06 7.15816e+06 6.346e+06 5.70187e+06 
7.96086e+06 7.95553e+06 8.18995e+06 8.55548e+06 8.05399e+06 7.12367e+06 6.30466e+06 
8.03451e+06 7.97694e+06 7.96962e+06 8.19998e+06 8.56899e+06 8.01819e+06 7.07479e+06 
7.95052e+06 8.00381e+06 7.94668e+06 7.93736e+06 8.16652e+06 8.53678e+06 7.97205e+06 
7.70894e+06 7.91722e+06 7.97031e+06 7.91367e+06 7.8994e+06 8.12733e+06 8.50302e+06 

8.68502e+06 8.1282e+06 7.17802e+06 6.37345e+06 5.7867e+06 5.27849e+06 4.6904e+06 
8.235e+06 8.60949e+06 8.05289e+06 7.12584e+06 6.36906e+06 5.75673e+06 5.21217e+06 
7.95107e+06 8.18798e+06 8.5705e+06 8.01131e+06 7.14452e+06 6.35933e+06 5.71159e+06 
7.94956e+06 7.93944e+06 8.17469e+06 8.54447e+06 8.04147e+06 7.14596e+06 6.32142e+06 
8.03269e+06 7.97343e+06 7.96457e+06 8.19588e+06 8.56713e+06 8.04727e+06 7.10033e+06 
7.9739e+06 8.02893e+06 7.96771e+06 7.95812e+06 8.19167e+06 8.56459e+06 7.99742e+06 
7.72143e+06 7.93197e+06 7.98382e+06 7.9268e+06 7.91864e+06 8.14836e+06 8.52157e+06 

8.72896e+06 8.15443e+06 7.18255e+06 6.37947e+06 5.78113e+06 5.28323e+06 4.71554e+06 
8.2642e+06 8.6405e+06 8.05828e+06 7.13165e+06 6.36814e+06 5.76991e+06 5.24261e+06 
7.95312e+06 8.18504e+06 8.55743e+06 8.00499e+06 7.12902e+06 6.36104e+06 5.72995e+06 
7.9511e+06 7.93566e+06 8.16738e+06 8.53744e+06 8.02536e+06 7.14906e+06 6.34183e+06 
8.02324e+06 7.96437e+06 7.95486e+06 8.18642e+06 8.56006e+06 8.05299e+06 7.12973e+06 
7.98179e+06 8.03895e+06 7.97844e+06 7.9675e+06 8.20185e+06 8.57757e+06 8.03244e+06 
7.74844e+06 7.96246e+06 8.01665e+06 7.9537e+06 7.94495e+06 8.17876e+06 8.55251e+06 

9.17654e+06 8.58884e+06 7.60973e+06 6.78158e+06 6.15121e+06 5.61873e+06 5.02749e+06 
8.72958e+06 9.13129e+06 8.55438e+06 7.60269e+06 6.79216e+06 6.15158e+06 5.61003e+06 
8.46237e+06 8.71205e+06 9.11037e+06 8.54711e+06 7.6135e+06 6.80006e+06 6.15514e+06 
8.48675e+06 8.47021e+06 8.7161e+06 9.10064e+06 8.56202e+06 7.63388e+06 6.80393e+06 
8.55091e+06 8.48445e+06 8.46693e+06 8.71116e+06 9.10963e+06 8.56996e+06 7.61906e+06 
8.48045e+06 8.53341e+06 8.46977e+06 8.45928e+06 8.70896e+06 9.10694e+06 8.54971e+06 
8.21787e+06 8.44212e+06 8.50338e+06 8.43866e+06 8.42638e+06 8.67285e+06 9.07267e+06 

9.21413e+06 8.6253e+06 7.64115e+06 6.80532e+06 6.17105e+06 5.64354e+06 5.06112e+06 
8.75674e+06 9.15869e+06 8.57871e+06 7.6181e+06 6.80434e+06 6.1739e+06 5.6357e+06 
8.47234e+06 8.72266e+06 9.11945e+06 8.55349e+06 7.61843e+06 6.80951e+06 6.1627e+06 
8.479e+06 8.4624e+06 8.70875e+06 9.10129e+06 8.55477e+06 7.62501e+06 6.80421e+06 
8.54928e+06 8.48098e+06 8.46228e+06 8.70588e+06 9.09516e+06 8.5618e+06 7.62499e+06 
8.49522e+06 8.54841e+06 8.4775e+06 8.45678e+06 8.70511e+06 9.1071e+06 8.55991e+06 
8.25437e+06 8.47572e+06 8.52663e+06 8.46144e+06 8.45437e+06 8.70638e+06 9.10388e+06 

9.23224e+06 8.64734e+06 7.67322e+06 6.83318e+06 6.19201e+06 5.65971e+06 5.07918e+06 
8.76219e+06 9.17976e+06 8.60702e+06 7.64122e+06 6.81838e+06 6.1844e+06 5.64703e+06 
8.474e+06 8.73392e+06 9.13483e+06 8.56731e+06 7.62234e+06 6.80844e+06 6.16754e+06 
8.47754e+06 8.46494e+06 8.71524e+06 9.11043e+06 8.5586e+06 7.62555e+06 6.80425e+06 
8.54696e+06 8.48347e+06 8.46629e+06 8.71214e+06 9.10731e+06 8.56401e+06 7.61802e+06 
8.50601e+06 8.56106e+06 8.4886e+06 8.4688e+06 8.71474e+06 9.10165e+06 8.55465e+06 
8.27189e+06 8.49342e+06 8.54374e+06 8.47393e+06 8.45708e+06 8.70422e+06 9.10294e+06 

8.97627e+06 8.37277e+06 7.43771e+06 6.65577e+06 6.00174e+06 5.43282e+06 4.829e+06 
8.53105e+06 8.9269e+06 8.36599e+06 7.4743e+06 6.63741e+06 5.96236e+06 5.40534e+06 
8.28439e+06 8.52774e+06 8.90808e+06 8.39659e+06 7.43949e+06 6.58081e+06 5.92057e+06 
8.30033e+06 8.29505e+06 8.53491e+06 8.92264e+06 8.36396e+06 7.37834e+06 6.53552e+06 
8.32744e+06 8.27039e+06 8.2561e+06 8.49805e+06 8.89826e+06 8.30902e+06 7.33914e+06 
8.24896e+06 8.30565e+06 8.23612e+06 8.21596e+06 8.46141e+06 8.85635e+06 8.27992e+06 
8.02288e+06 8.2405e+06 8.29028e+06 8.21743e+06 8.19824e+06 8.4433e+06 8.83315e+06 

8.9786e+06 8.37833e+06 7.40379e+06 6.61048e+06 5.97809e+06 5.42046e+06 4.81265e+06 
8.53084e+06 8.92214e+06 8.33305e+06 7.42397e+06 6.61277e+06 5.9481e+06 5.3873e+06 
8.25666e+06 8.49734e+06 8.87917e+06 8.34763e+06 7.42137e+06 6.57398e+06 5.90759e+06 
8.25427e+06 8.24603e+06 8.48382e+06 8.87061e+06 8.33428e+06 7.363e+06 6.51427e+06 
8.29699e+06 8.2355e+06 8.22053e+06 8.46263e+06 8.85958e+06 8.28498e+06 7.3103e+06 
8.2286e+06 8.28386e+06 8.21484e+06 8.19677e+06 8.4431e+06 8.84061e+06 8.25892e+06 
8.00557e+06 8.22296e+06 8.27306e+06 8.20365e+06 8.18828e+06 8.43386e+06 8.82473e+06 

8.96736e+06 8.37758e+06 7.38768e+06 6.57093e+06 5.93649e+06 5.39498e+06 4.79598e+06 
8.52715e+06 8.91075e+06 8.3124e+06 7.37388e+06 6.56371e+06 5.91672e+06 5.36375e+06 
8.24033e+06 8.47619e+06 8.85424e+06 8.29928e+06 7.37128e+06 6.54573e+06 5.88613e+06 
8.22217e+06 8.21181e+06 8.44629e+06 8.83247e+06 8.29003e+06 7.34539e+06 6.50411e+06 
8.25658e+06 8.19431e+06 8.17665e+06 8.41703e+06 8.81168e+06 8.25688e+06 7.29242e+06 
8.18788e+06 8.24302e+06 8.17212e+06 8.15578e+06 8.40203e+06 8.79707e+06 8.22466e+06 
7.95833e+06 8.17579e+06 8.22631e+06 8.16006e+06 8.14804e+06 8.39332e+06 8.78636e+06 

7.61641e+06 7.18496e+06 6.43019e+06 5.7767e+06 5.22944e+06 4.75294e+06 4.24311e+06 
7.31506e+06 7.64919e+06 7.20895e+06 6.46335e+06 5.76221e+06 5.19462e+06 4.72612e+06 
7.15841e+06 7.36672e+06 7.69054e+06 7.26946e+06 6.46673e+06 5.74602e+06 5.18771e+06 
7.22973e+06 7.22037e+06 7.42565e+06 7.75696e+06 7.29469e+06 6.468e+06 5.75379e+06 
7.30386e+06 7.24884e+06 7.23322e+06 7.44283e+06 7.78456e+06 7.29467e+06 6.47548e+06 
7.26079e+06 7.30652e+06 7.24767e+06 7.23556e+06 7.44788e+06 7.78523e+06 7.30178e+06 
7.07846e+06 7.26764e+06 7.31473e+06 7.2592e+06 7.25138e+06 7.46108e+06 7.80034e+06 

7.62825e+06 7.21629e+06 6.4563e+06 5.79689e+06 5.26161e+06 4.78536e+06 4.26965e+06 
7.34022e+06 7.68093e+06 7.24334e+06 6.4911e+06 5.79894e+06 5.23186e+06 4.75644e+06 
7.16506e+06 7.38066e+06 7.71532e+06 7.28493e+06 6.49425e+06 5.76971e+06 5.20391e+06 
7.23504e+06 7.22847e+06 7.43894e+06 7.77086e+06 7.31638e+06 6.48294e+06 5.76601e+06 
7.3249e+06 7.27033e+06 7.25792e+06 7.46586e+06 7.80222e+06 7.31436e+06 6.49126e+06 
7.28944e+06 7.33546e+06 7.27587e+06 7.25616e+06 7.46732e+06 7.80884e+06 7.31993e+06 
7.11411e+06 7.30141e+06 7.3432e+06 7.28289e+06 7.27251e+06 7.48484e+06 7.8196e+06 

7.60782e+06 7.22028e+06 6.46816e+06 5.80146e+06 5.26917e+06 4.80007e+06 4.28608e+06 
7.35475e+06 7.69774e+06 7.27078e+06 6.50828e+06 5.82117e+06 5.26171e+06 4.78537e+06 
7.17788e+06 7.3956e+06 7.73869e+06 7.30254e+06 6.51915e+06 5.79983e+06 5.23405e+06 
7.23958e+06 7.22643e+06 7.4432e+06 7.78308e+06 7.33304e+06 6.50798e+06 5.78538e+06 
7.33793e+06 7.27921e+06 7.27014e+06 7.4838e+06 7.82227e+06 7.33914e+06 6.50732e+06 
7.30558e+06 7.35213e+06 7.29575e+06 7.28067e+06 7.49071e+06 7.82835e+06 7.33835e+06 
7.13472e+06 7.32371e+06 7.36819e+06 7.30615e+06 7.28782e+06 7.49866e+06 7.83553e+06 

6.81605e+06 6.47969e+06 5.79418e+06 5.11298e+06 4.56151e+06 4.11403e+06 3.66404e+06 
6.63598e+06 6.93655e+06 6.54708e+06 5.76732e+06 5.06863e+06 4.54118e+06 4.12925e+06 
6.5105e+06 6.70057e+06 7.00327e+06 6.53808e+06 5.73263e+06 5.06624e+06 4.57743e+06 
6.49214e+06 6.4853e+06 6.67116e+06 6.97362e+06 6.48435e+06 5.71533e+06 5.09044e+06 
6.53517e+06 6.4861e+06 6.47306e+06 6.65823e+06 6.95972e+06 6.49253e+06 5.77453e+06 
6.494e+06 6.53253e+06 6.48257e+06 6.47078e+06 6.65433e+06 6.95668e+06 6.53635e+06 
6.32511e+06 6.49012e+06 6.53263e+06 6.48078e+06 6.4615e+06 6.648e+06 6.96027e+06 

6.8416e+06 6.52168e+06 5.87878e+06 5.22338e+06 4.67108e+06 4.2119e+06 3.74526e+06 
6.6783e+06 6.97706e+06 6.62234e+06 5.87664e+06 5.17361e+06 4.63122e+06 4.20448e+06 
6.60505e+06 6.79679e+06 7.10228e+06 6.66844e+06 5.85927e+06 5.17421e+06 4.66931e+06 
6.66985e+06 6.6644e+06 6.8549e+06 7.16282e+06 6.67557e+06 5.88594e+06 5.24106e+06 
6.7193e+06 6.66843e+06 6.65541e+06 6.84473e+06 7.15481e+06 6.67576e+06 5.93361e+06 
6.67096e+06 6.71012e+06 6.65821e+06 6.64454e+06 6.83334e+06 7.14069e+06 6.70144e+06 
6.50173e+06 6.66964e+06 6.71182e+06 6.65736e+06 6.64043e+06 6.82905e+06 7.14412e+06 

6.8644e+06 6.54875e+06 5.92165e+06 5.29865e+06 4.77482e+06 4.31125e+06 3.81807e+06 
6.70488e+06 7.00251e+06 6.66391e+06 5.95742e+06 5.28184e+06 4.73056e+06 4.27891e+06 
6.63213e+06 6.82709e+06 7.13839e+06 6.7322e+06 5.95848e+06 5.25974e+06 4.72667e+06 
6.74159e+06 6.73932e+06 6.93424e+06 7.24299e+06 6.78807e+06 5.98458e+06 5.30841e+06 
6.86973e+06 6.81824e+06 6.808e+06 7e+06 7.31241e+06 6.83063e+06 6.05152e+06 
6.81955e+06 6.8598e+06 6.807e+06 6.79348e+06 6.98614e+06 7.30081e+06 6.83168e+06 
6.63657e+06 6.80701e+06 6.84833e+06 6.7953e+06 6.78015e+06 6.97131e+06 7.28566e+06 

8.54129e+06 7.9863e+06 7.13273e+06 6.3542e+06 5.7238e+06 5.19785e+06 4.63376e+06 
8.14066e+06 8.51212e+06 8.02203e+06 7.13367e+06 6.32741e+06 5.70256e+06 5.18079e+06 
7.9513e+06 8.18564e+06 8.56034e+06 8.04508e+06 7.11989e+06 6.3203e+06 5.70043e+06 
7.97953e+06 7.969e+06 8.20454e+06 8.58156e+06 8.03215e+06 7.11361e+06 6.32304e+06 
8.02328e+06 7.96259e+06 7.94866e+06 8.18053e+06 8.55513e+06 8.01178e+06 7.10228e+06 
7.96974e+06 8.02126e+06 7.95411e+06 7.93459e+06 8.16611e+06 8.53809e+06 8.00172e+06 
7.77208e+06 7.97752e+06 8.02341e+06 7.9561e+06 7.93784e+06 8.16953e+06 8.54389e+06 

8.55271e+06 7.98199e+06 7.11804e+06 6.35677e+06 5.72584e+06 5.19708e+06 4.63072e+06 
8.13671e+06 8.50813e+06 8.00359e+06 7.13654e+06 6.33056e+06 5.70215e+06 5.17809e+06 
7.92787e+06 8.1591e+06 8.53077e+06 8.03447e+06 7.11042e+06 6.30671e+06 5.68462e+06 
7.96782e+06 7.95583e+06 8.19126e+06 8.57013e+06 8.02374e+06 7.10161e+06 6.30597e+06 
8.02097e+06 7.95988e+06 7.94565e+06 8.17986e+06 8.56025e+06 8.01332e+06 7.09807e+06 
7.96796e+06 8.01995e+06 7.9519e+06 7.93254e+06 8.16663e+06 8.5402e+06 7.99871e+06 
7.76444e+06 7.97092e+06 8.01708e+06 7.94703e+06 7.92875e+06 8.16071e+06 8.53052e+06 

8.54095e+06 7.97086e+06 7.08789e+06 6.33709e+06 5.71889e+06 5.18803e+06 4.61696e+06 
8.12957e+06 8.50287e+06 7.98014e+06 7.12372e+06 6.33215e+06 5.70008e+06 5.17302e+06 
7.90412e+06 8.13504e+06 8.50482e+06 8.01289e+06 7.10677e+06 6.30039e+06 5.67535e+06 
7.94404e+06 7.93248e+06 8.16561e+06 8.53918e+06 8.00919e+06 7.08487e+06 6.28492e+06 
8.00957e+06 7.94868e+06 7.93578e+06 8.16914e+06 8.54896e+06 8.00024e+06 7.08043e+06 
7.95264e+06 8.00451e+06 7.94032e+06 7.92384e+06 8.15756e+06 8.53375e+06 7.98836e+06 
7.74303e+06 7.95061e+06 8.00019e+06 7.931e+06 7.91121e+06 8.14357e+06 8.51493e+06 

8.4012e+06 7.87166e+06 6.98204e+06 6.1846e+06 5.54321e+06 5.04188e+06 4.52223e+06 
8.01986e+06 8.38422e+06 7.85495e+06 6.9396e+06 6.13201e+06 5.53916e+06 5.05776e+06 
7.77026e+06 7.99213e+06 8.34851e+06 7.81331e+06 6.88295e+06 6.12536e+06 5.54754e+06 
7.73469e+06 7.71547e+06 7.9391e+06 8.30987e+06 7.74927e+06 6.87757e+06 6.13544e+06 
7.72828e+06 7.66674e+06 7.64774e+06 7.8752e+06 8.24381e+06 7.72749e+06 6.87965e+06 
7.6674e+06 7.71728e+06 7.65057e+06 7.63232e+06 7.85984e+06 8.22381e+06 7.7334e+06 
7.48946e+06 7.69167e+06 7.73888e+06 7.67187e+06 7.6583e+06 7.8873e+06 8.24972e+06 

8.44327e+06 7.90642e+06 7.00292e+06 6.19673e+06 5.56566e+06 5.06938e+06 4.5463e+06 
8.05655e+06 8.4222e+06 7.88558e+06 6.95855e+06 6.16119e+06 5.57243e+06 5.08913e+06 
7.8026e+06 8.02663e+06 8.38475e+06 7.83583e+06 6.91622e+06 6.16468e+06 5.58492e+06 
7.76969e+06 7.75294e+06 7.97554e+06 8.34148e+06 7.79001e+06 6.92657e+06 6.18253e+06 
7.77952e+06 7.71959e+06 7.70018e+06 7.92514e+06 8.2939e+06 7.78705e+06 6.93699e+06 
7.72068e+06 7.77106e+06 7.70394e+06 7.68366e+06 7.91255e+06 8.28094e+06 7.78979e+06 
7.52367e+06 7.72733e+06 7.77511e+06 7.70612e+06 7.69141e+06 7.92327e+06 8.2905e+06 

8.47271e+06 7.93616e+06 7.02994e+06 6.20932e+06 5.56802e+06 5.07464e+06 4.56006e+06 
8.091e+06 8.46267e+06 7.92646e+06 6.9832e+06 6.1737e+06 5.58914e+06 5.11391e+06 
7.84028e+06 8.06793e+06 8.43042e+06 7.86998e+06 6.93398e+06 6.18804e+06 5.61833e+06 
7.80578e+06 7.78883e+06 8.014e+06 8.37815e+06 7.81185e+06 6.95416e+06 6.2215e+06 
7.8142e+06 7.7559e+06 7.73878e+06 7.96177e+06 8.32696e+06 7.82339e+06 6.98605e+06 
7.76641e+06 7.81733e+06 7.75372e+06 7.73326e+06 7.95908e+06 8.32657e+06 7.84769e+06 
7.58124e+06 7.78549e+06 7.83554e+06 7.76428e+06 7.74428e+06 7.97633e+06 8.34725e+06 

9.01452e+06 8.42323e+06 7.45975e+06 6.60637e+06 5.93191e+06 5.37797e+06 4.79286e+06 
8.56624e+06 8.95714e+06 8.38336e+06 7.40361e+06 6.54721e+06 5.88978e+06 5.35185e+06 
8.2853e+06 8.5267e+06 8.90506e+06 8.32102e+06 7.33452e+06 6.50182e+06 5.86094e+06 
8.23403e+06 8.2285e+06 8.46197e+06 8.84378e+06 8.25542e+06 7.29959e+06 6.48068e+06 
8.22947e+06 8.17437e+06 8.15622e+06 8.39203e+06 8.78586e+06 8.21586e+06 7.27651e+06 
8.13348e+06 8.18914e+06 8.11996e+06 8.10171e+06 8.34469e+06 8.7344e+06 8.18016e+06 
7.87885e+06 8.0953e+06 8.14724e+06 8.07959e+06 8.06737e+06 8.31046e+06 8.6992e+06 

9.00607e+06 8.39772e+06 7.45636e+06 6.61846e+06 5.93212e+06 5.36707e+06 4.77445e+06 
8.5403e+06 8.93132e+06 8.3741e+06 7.41727e+06 6.54507e+06 5.87587e+06 5.32983e+06 
8.2726e+06 8.51479e+06 8.89653e+06 8.33476e+06 7.33076e+06 6.48181e+06 5.83234e+06 
8.23277e+06 8.22845e+06 8.46679e+06 8.85022e+06 8.24524e+06 7.26804e+06 6.44264e+06 
8.2119e+06 8.15781e+06 8.14648e+06 8.38139e+06 8.7685e+06 8.18321e+06 7.23638e+06 
8.10403e+06 8.16078e+06 8.0986e+06 8.08061e+06 8.31908e+06 8.70895e+06 8.14562e+06 
7.84148e+06 8.05698e+06 8.10975e+06 8.0422e+06 8.02822e+06 8.26961e+06 8.65458e+06 

9.00982e+06 8.39393e+06 7.44695e+06 6.63011e+06 5.94574e+06 5.36811e+06 4.76575e+06 
8.53237e+06 8.92847e+06 8.36148e+06 7.43003e+06 6.55963e+06 5.87641e+06 5.32077e+06 
8.26391e+06 8.50736e+06 8.89018e+06 8.35046e+06 7.35222e+06 6.48489e+06 5.82536e+06 
8.24353e+06 8.23821e+06 8.47905e+06 8.8654e+06 8.26648e+06 7.26738e+06 6.42929e+06 
8.22247e+06 8.16607e+06 8.15928e+06 8.39735e+06 8.78321e+06 8.17968e+06 7.21691e+06 
8.09111e+06 8.14783e+06 8.09186e+06 8.0785e+06 8.31434e+06 8.70223e+06 8.12674e+06 
7.82704e+06 8.04295e+06 8.09878e+06 8.03337e+06 8.01678e+06 8.25591e+06 8.64199e+06 

9.20543e+06 8.62344e+06 7.6752e+06 6.82626e+06 6.17055e+06 5.63309e+06 5.03162e+06 
8.75775e+06 9.15257e+06 8.60602e+06 7.63166e+06 6.79467e+06 6.15081e+06 5.59308e+06 
8.47908e+06 8.72756e+06 9.12703e+06 8.55416e+06 7.59177e+06 6.76634e+06 6.10053e+06 
8.46538e+06 8.44995e+06 8.7003e+06 9.09866e+06 8.53089e+06 7.58772e+06 6.73552e+06 
8.51282e+06 8.45014e+06 8.43758e+06 8.6851e+06 9.08605e+06 8.53733e+06 7.56056e+06 
8.45183e+06 8.51082e+06 8.44336e+06 8.42818e+06 8.67855e+06 9.07647e+06 8.49978e+06 
8.1806e+06 8.40621e+06 8.46092e+06 8.39149e+06 8.38079e+06 8.62904e+06 9.02147e+06 

9.2297e+06 8.64967e+06 7.69883e+06 6.84255e+06 6.17032e+06 5.62983e+06 5.04674e+06 
8.81707e+06 9.21508e+06 8.66028e+06 7.67468e+06 6.82444e+06 6.18139e+06 5.63982e+06 
8.54839e+06 8.79477e+06 9.18673e+06 8.61052e+06 7.63372e+06 6.80923e+06 6.15886e+06 
8.51246e+06 8.49183e+06 8.7383e+06 9.14103e+06 8.56298e+06 7.61768e+06 6.78252e+06 
8.54081e+06 8.4756e+06 8.45942e+06 8.70971e+06 9.11446e+06 8.56173e+06 7.6078e+06 
8.47549e+06 8.53421e+06 8.46502e+06 8.44808e+06 8.69947e+06 9.10428e+06 8.55194e+06 
8.22556e+06 8.45327e+06 8.50899e+06 8.43582e+06 8.41974e+06 8.67465e+06 9.07746e+06 

9.24728e+06 8.67369e+06 7.70894e+06 6.86209e+06 6.19822e+06 5.64061e+06 5.04143e+06 
8.84018e+06 9.24189e+06 8.67448e+06 7.70258e+06 6.85355e+06 6.1883e+06 5.63935e+06 
8.58374e+06 8.83358e+06 9.22869e+06 8.65597e+06 7.67924e+06 6.83515e+06 6.18088e+06 
8.54932e+06 8.53635e+06 8.78028e+06 9.17698e+06 8.608e+06 7.64125e+06 6.80182e+06 
8.56431e+06 8.49797e+06 8.47338e+06 8.72196e+06 9.13437e+06 8.56684e+06 7.6043e+06 
8.48202e+06 8.53468e+06 8.45971e+06 8.43939e+06 8.69649e+06 9.10481e+06 8.54075e+06 
8.22536e+06 8.44979e+06 8.50326e+06 8.43093e+06 8.41766e+06 8.67279e+06 9.07739e+06 

8.82269e+06 8.25144e+06 7.29955e+06 6.49276e+06 5.85699e+06 5.31837e+06 4.7388e+06 
8.3978e+06 8.77929e+06 8.20803e+06 7.28108e+06 6.47125e+06 5.83078e+06 5.29565e+06 
8.12617e+06 8.36085e+06 8.73394e+06 8.18881e+06 7.26148e+06 6.4443e+06 5.80491e+06 
8.11879e+06 8.10647e+06 8.33844e+06 8.72155e+06 8.17713e+06 7.23886e+06 6.42378e+06 
8.15794e+06 8.09417e+06 8.07618e+06 8.31426e+06 8.70136e+06 8.14713e+06 7.21343e+06 
8.0729e+06 8.12544e+06 8.0562e+06 8.03895e+06 8.27974e+06 8.66668e+06 8.11487e+06 
7.84592e+06 8.05876e+06 8.10816e+06 8.04254e+06 8.03095e+06 8.27187e+06 8.65568e+06 

8.82981e+06 8.26794e+06 7.3051e+06 6.48107e+06 5.8429e+06 5.29903e+06 4.71562e+06 
8.40241e+06 8.7919e+06 8.21564e+06 7.26747e+06 6.453e+06 5.80682e+06 5.26806e+06 
8.12072e+06 8.36155e+06 8.7386e+06 8.17194e+06 7.23873e+06 6.41572e+06 5.77454e+06 
8.1023e+06 8.09584e+06 8.3284e+06 8.70468e+06 8.15536e+06 7.21049e+06 6.39356e+06 
8.13959e+06 8.08331e+06 8.07045e+06 8.30415e+06 8.68776e+06 8.1265e+06 7.18861e+06 
8.04902e+06 8.10471e+06 8.03948e+06 8.02187e+06 8.25876e+06 8.6425e+06 8.0869e+06 
7.79688e+06 8.00971e+06 8.06028e+06 7.99317e+06 7.97773e+06 8.21624e+06 8.5993e+06 

8.82078e+06 8.29054e+06 7.33044e+06 6.49871e+06 5.85291e+06 5.30087e+06 4.70904e+06 
8.42008e+06 8.8135e+06 8.24385e+06 7.28823e+06 6.46276e+06 5.80714e+06 5.25965e+06 
8.13559e+06 8.38044e+06 8.76579e+06 8.19333e+06 7.2478e+06 6.41187e+06 5.76197e+06 
8.10697e+06 8.10149e+06 8.33931e+06 8.71592e+06 8.15499e+06 7.19412e+06 6.36862e+06 
8.12799e+06 8.07355e+06 8.06788e+06 8.30081e+06 8.67934e+06 8.10669e+06 7.15852e+06 
8.02938e+06 8.08685e+06 8.02926e+06 8.01302e+06 8.24612e+06 8.63004e+06 8.06421e+06 
7.77445e+06 7.98749e+06 8.04026e+06 7.97271e+06 7.95472e+06 8.19151e+06 8.5718e+06 

9.15046e+06 8.54569e+06 7.59031e+06 6.78227e+06 6.10431e+06 5.51939e+06 4.90995e+06 
8.69598e+06 9.10265e+06 8.52907e+06 7.60676e+06 6.74197e+06 6.05028e+06 5.48849e+06 
8.443e+06 8.69263e+06 9.07902e+06 8.5489e+06 7.55941e+06 6.68072e+06 6.01278e+06 
8.45943e+06 8.45365e+06 8.69713e+06 9.08906e+06 8.50478e+06 7.49218e+06 6.64326e+06 
8.47644e+06 8.41732e+06 8.40711e+06 8.65075e+06 9.04652e+06 8.43817e+06 7.46345e+06 
8.36528e+06 8.42222e+06 8.36099e+06 8.34445e+06 8.58744e+06 8.98688e+06 8.40843e+06 
8.11149e+06 8.3327e+06 8.38818e+06 8.31948e+06 8.30158e+06 8.54922e+06 8.94844e+06 

9.13363e+06 8.54891e+06 7.57767e+06 6.7744e+06 6.11865e+06 5.53351e+06 4.90668e+06 
8.69249e+06 9.09835e+06 8.51567e+06 7.59717e+06 6.75535e+06 6.05966e+06 5.48246e+06 
8.43185e+06 8.68281e+06 9.07514e+06 8.54238e+06 7.58168e+06 6.69777e+06 6.01391e+06 
8.45536e+06 8.44998e+06 8.69533e+06 9.08837e+06 8.52985e+06 7.51492e+06 6.64444e+06 
8.49827e+06 8.43658e+06 8.4261e+06 8.67297e+06 9.07058e+06 8.46047e+06 7.45817e+06 
8.37616e+06 8.43187e+06 8.37016e+06 8.36076e+06 8.60505e+06 9.00068e+06 8.40116e+06 
8.09784e+06 8.31878e+06 8.37554e+06 8.31512e+06 8.29833e+06 8.54183e+06 8.94301e+06 

9.15835e+06 8.55167e+06 7.58147e+06 6.77176e+06 6.13453e+06 5.56258e+06 4.93049e+06 
8.68923e+06 9.08805e+06 8.51296e+06 7.5837e+06 6.7646e+06 6.08154e+06 5.49711e+06 
8.42804e+06 8.67741e+06 9.07184e+06 8.52758e+06 7.5945e+06 6.72254e+06 6.02835e+06 
8.45048e+06 8.44239e+06 8.68843e+06 9.08372e+06 8.54525e+06 7.54638e+06 6.6636e+06 
8.51468e+06 8.45133e+06 8.44172e+06 8.69041e+06 9.08776e+06 8.49352e+06 7.47849e+06 
8.40208e+06 8.45941e+06 8.39626e+06 8.38857e+06 8.63481e+06 9.03144e+06 8.42262e+06 
8.11004e+06 8.33257e+06 8.38866e+06 8.33088e+06 8.3182e+06 8.56199e+06 8.96312e+06 

8.75867e+06 8.2459e+06 7.30773e+06 6.46315e+06 5.80179e+06 5.26555e+06 4.7e+06 
8.41742e+06 8.79698e+06 8.24354e+06 7.27225e+06 6.43507e+06 5.79798e+06 5.27717e+06 
8.1795e+06 8.41407e+06 8.79232e+06 8.21359e+06 7.24996e+06 6.44016e+06 5.81786e+06 
8.17773e+06 8.16162e+06 8.39529e+06 8.7762e+06 8.19929e+06 7.26907e+06 6.47149e+06 
8.24141e+06 8.17707e+06 8.16195e+06 8.39806e+06 8.77965e+06 8.22593e+06 7.3139e+06 
8.17818e+06 8.23008e+06 8.16839e+06 8.15729e+06 8.39277e+06 8.77805e+06 8.2452e+06 
7.98125e+06 8.19482e+06 8.25166e+06 8.18762e+06 8.16966e+06 8.40796e+06 8.79898e+06 

8.74012e+06 8.24184e+06 7.34115e+06 6.50628e+06 5.84085e+06 5.29163e+06 4.71684e+06 
8.40287e+06 8.78327e+06 8.26181e+06 7.30498e+06 6.45872e+06 5.80655e+06 5.27913e+06 
8.20436e+06 8.44277e+06 8.82492e+06 8.25805e+06 7.28401e+06 6.45752e+06 5.83012e+06 
8.22019e+06 8.20773e+06 8.44386e+06 8.82549e+06 8.24391e+06 7.29396e+06 6.49107e+06 
8.26607e+06 8.20181e+06 8.18589e+06 8.42247e+06 8.80666e+06 8.23803e+06 7.31737e+06 
8.20169e+06 8.25199e+06 8.18934e+06 8.17654e+06 8.41324e+06 8.79601e+06 8.25289e+06 
7.99264e+06 8.20458e+06 8.25971e+06 8.19582e+06 8.18096e+06 8.41679e+06 8.80474e+06 

8.70671e+06 8.20881e+06 7.33378e+06 6.53048e+06 5.87936e+06 5.32278e+06 4.73311e+06 
8.36918e+06 8.74848e+06 8.24565e+06 7.32751e+06 6.49475e+06 5.83279e+06 5.29178e+06 
8.1732e+06 8.41272e+06 8.79461e+06 8.25748e+06 7.30182e+06 6.46267e+06 5.821e+06 
8.23698e+06 8.22771e+06 8.46529e+06 8.84656e+06 8.2829e+06 7.31937e+06 6.49981e+06 
8.31776e+06 8.25399e+06 8.23947e+06 8.47746e+06 8.86409e+06 8.28692e+06 7.34504e+06 
8.2314e+06 8.28209e+06 8.21896e+06 8.2066e+06 8.44455e+06 8.82786e+06 8.26699e+06 
8.01025e+06 8.2226e+06 8.27709e+06 8.21371e+06 8.19866e+06 8.43403e+06 8.8182e+06 

7.79159e+06 7.28967e+06 6.48106e+06 5.81218e+06 5.27585e+06 4.79454e+06 4.26988e+06 
7.43078e+06 7.77506e+06 7.29747e+06 6.53126e+06 5.84067e+06 5.26637e+06 4.78126e+06 
7.24782e+06 7.46183e+06 7.80434e+06 7.36584e+06 6.5805e+06 5.84445e+06 5.26766e+06 
7.32744e+06 7.31146e+06 7.52701e+06 7.87326e+06 7.4253e+06 6.58129e+06 5.84368e+06 
7.43722e+06 7.37263e+06 7.35996e+06 7.57922e+06 7.92201e+06 7.42194e+06 6.5738e+06 
7.38906e+06 7.43312e+06 7.3751e+06 7.36815e+06 7.58055e+06 7.92024e+06 7.41933e+06 
7.20487e+06 7.39433e+06 7.44141e+06 7.38986e+06 7.37377e+06 7.58336e+06 7.93116e+06 

7.80868e+06 7.32164e+06 6.50844e+06 5.81398e+06 5.28411e+06 4.81934e+06 4.29608e+06 
7.45389e+06 7.79084e+06 7.3175e+06 6.5185e+06 5.83702e+06 5.27932e+06 4.7947e+06 
7.26072e+06 7.47257e+06 7.81606e+06 7.34888e+06 6.5719e+06 5.85521e+06 5.27765e+06 
7.31956e+06 7.3019e+06 7.51631e+06 7.86266e+06 7.41919e+06 6.60064e+06 5.86061e+06 
7.44031e+06 7.37607e+06 7.36179e+06 7.58061e+06 7.92807e+06 7.45115e+06 6.60169e+06 
7.41837e+06 7.46416e+06 7.40227e+06 7.39165e+06 7.60877e+06 7.95164e+06 7.44922e+06 
7.23243e+06 7.42407e+06 7.46958e+06 7.41258e+06 7.40117e+06 7.61335e+06 7.95808e+06 

7.78144e+06 7.32562e+06 6.53782e+06 5.83372e+06 5.28206e+06 4.82993e+06 4.31482e+06 
7.47368e+06 7.7991e+06 7.34867e+06 6.54253e+06 5.83824e+06 5.29479e+06 4.81676e+06 
7.28947e+06 7.49495e+06 7.8366e+06 7.37222e+06 6.56403e+06 5.86368e+06 5.29164e+06 
7.33837e+06 7.31749e+06 7.53376e+06 7.88523e+06 7.41123e+06 6.61218e+06 5.87836e+06 
7.44343e+06 7.37848e+06 7.36275e+06 7.58134e+06 7.92925e+06 7.46888e+06 6.62857e+06 
7.4439e+06 7.49033e+06 7.42646e+06 7.41443e+06 7.6331e+06 7.97846e+06 7.48482e+06 
7.26786e+06 7.46097e+06 7.50611e+06 7.4469e+06 7.4363e+06 7.65124e+06 7.99626e+06 

8.68517e+06 8.13195e+06 7.24247e+06 6.47173e+06 5.83982e+06 5.29548e+06 4.70786e+06 
8.28123e+06 8.66177e+06 8.14188e+06 7.26304e+06 6.45296e+06 5.80459e+06 5.26145e+06 
8.05088e+06 8.28839e+06 8.6712e+06 8.16554e+06 7.23883e+06 6.4105e+06 5.76686e+06 
8.08346e+06 8.07094e+06 8.31222e+06 8.69553e+06 8.15158e+06 7.20151e+06 6.37961e+06 
8.13787e+06 8.07468e+06 8.06472e+06 8.30367e+06 8.6869e+06 8.12158e+06 7.17618e+06 
8.07468e+06 8.12741e+06 8.06571e+06 8.05211e+06 8.28812e+06 8.66769e+06 8.10324e+06 
7.87131e+06 8.08205e+06 8.13336e+06 8.06685e+06 8.04931e+06 8.28275e+06 8.65664e+06 

8.72035e+06 8.17743e+06 7.23626e+06 6.46096e+06 5.86408e+06 5.32433e+06 4.73104e+06 
8.32e+06 8.70603e+06 8.14677e+06 7.25634e+06 6.48484e+06 5.83963e+06 5.29301e+06 
8.05931e+06 8.30014e+06 8.68456e+06 8.15861e+06 7.27934e+06 6.45542e+06 5.80671e+06 
8.08987e+06 8.07822e+06 8.31538e+06 8.69263e+06 8.18992e+06 7.24534e+06 6.41984e+06 
8.19216e+06 8.12604e+06 8.11326e+06 8.35146e+06 8.73341e+06 8.17711e+06 7.22878e+06 
8.13535e+06 8.1859e+06 8.12239e+06 8.10818e+06 8.34652e+06 8.73203e+06 8.16476e+06 
7.91368e+06 8.12462e+06 8.1756e+06 8.11158e+06 8.09649e+06 8.33292e+06 8.71182e+06 

8.75273e+06 8.22362e+06 7.27844e+06 6.45565e+06 5.85021e+06 5.34326e+06 4.76009e+06 
8.36959e+06 8.74396e+06 8.19569e+06 7.25037e+06 6.47052e+06 5.86047e+06 5.32136e+06 
8.10843e+06 8.34615e+06 8.73648e+06 8.16959e+06 7.27358e+06 6.48927e+06 5.84668e+06 
8.10394e+06 8.08959e+06 8.32992e+06 8.71067e+06 8.18367e+06 7.28749e+06 6.46977e+06 
8.20114e+06 8.13458e+06 8.12032e+06 8.35552e+06 8.73185e+06 8.21721e+06 7.27887e+06 
8.17577e+06 8.22734e+06 8.16019e+06 8.14432e+06 8.38262e+06 8.7672e+06 8.212e+06 
7.94919e+06 8.16094e+06 8.21016e+06 8.1466e+06 8.13216e+06 8.37065e+06 8.756e+06 

8.99086e+06 8.3959e+06 7.43919e+06 6.59454e+06 5.92479e+06 5.37324e+06 4.7878e+06 
8.53337e+06 8.92475e+06 8.35659e+06 7.38839e+06 6.53588e+06 5.88058e+06 5.34263e+06 
8.25825e+06 8.50067e+06 8.87937e+06 8.30285e+06 7.32001e+06 6.49045e+06 5.85046e+06 
8.22052e+06 8.21725e+06 8.45126e+06 8.82792e+06 8.24156e+06 7.28944e+06 6.4728e+06 
8.22516e+06 8.17294e+06 8.15751e+06 8.3901e+06 8.78023e+06 8.21386e+06 7.2769e+06 
8.14144e+06 8.1981e+06 8.13152e+06 8.11223e+06 8.35331e+06 8.74244e+06 8.18828e+06 
7.90193e+06 8.11817e+06 8.17068e+06 8.10153e+06 8.0889e+06 8.33113e+06 8.7177e+06 

9.002e+06 8.38631e+06 7.44208e+06 6.61533e+06 5.9331e+06 5.36823e+06 4.77818e+06 
8.52801e+06 8.92274e+06 8.36046e+06 7.41666e+06 6.5494e+06 5.88116e+06 5.33684e+06 
8.26245e+06 8.50581e+06 8.8863e+06 8.33497e+06 7.33765e+06 6.48915e+06 5.84151e+06 
8.2378e+06 8.23373e+06 8.47222e+06 8.85351e+06 8.2535e+06 7.27586e+06 6.45348e+06 
8.22469e+06 8.17166e+06 8.16271e+06 8.3966e+06 8.78058e+06 8.19499e+06 7.25187e+06 
8.12117e+06 8.17883e+06 8.11913e+06 8.1009e+06 8.3372e+06 8.72707e+06 8.16744e+06 
7.87288e+06 8.08873e+06 8.14232e+06 8.07384e+06 8.0577e+06 8.2994e+06 8.68588e+06 

9.01495e+06 8.39972e+06 7.44777e+06 6.63833e+06 5.96019e+06 5.3837e+06 4.78011e+06 
8.53616e+06 8.93521e+06 8.36413e+06 7.44178e+06 6.57729e+06 5.89495e+06 5.33828e+06 
8.26845e+06 8.51368e+06 8.89879e+06 8.36579e+06 7.37474e+06 6.50792e+06 5.84753e+06 
8.26472e+06 8.2594e+06 8.50192e+06 8.88719e+06 8.29379e+06 7.29506e+06 6.45666e+06 
8.25569e+06 8.19856e+06 8.1934e+06 8.43112e+06 8.81405e+06 8.21198e+06 7.24852e+06 
8.12935e+06 8.18576e+06 8.13202e+06 8.11936e+06 8.35381e+06 8.74165e+06 8.16601e+06 
7.875e+06 8.09105e+06 8.14788e+06 8.08305e+06 8.06508e+06 8.30404e+06 8.69194e+06 

8.784e+06 8.21113e+06 7.31646e+06 6.53162e+06 5.86925e+06 5.31515e+06 4.72279e+06 
8.36281e+06 8.74415e+06 8.21849e+06 7.32617e+06 6.48225e+06 5.8247e+06 5.27552e+06 
8.14637e+06 8.38313e+06 8.76316e+06 8.25412e+06 7.28686e+06 6.44639e+06 5.79509e+06 
8.18009e+06 8.17101e+06 8.41312e+06 8.80193e+06 8.22398e+06 7.25889e+06 6.42825e+06 
8.19224e+06 8.13364e+06 8.12465e+06 8.36354e+06 8.75114e+06 8.17449e+06 7.21881e+06 
8.09924e+06 8.15587e+06 8.09191e+06 8.07421e+06 8.31137e+06 8.6945e+06 8.12527e+06 
7.86879e+06 8.08172e+06 8.13137e+06 8.061e+06 8.04188e+06 8.27883e+06 8.66007e+06 

8.77973e+06 8.20735e+06 7.29236e+06 6.51841e+06 5.86119e+06 5.30388e+06 4.70918e+06 
8.36583e+06 8.74641e+06 8.19957e+06 7.31919e+06 6.48211e+06 5.82011e+06 5.26963e+06 
8.12191e+06 8.35528e+06 8.7324e+06 8.23148e+06 7.27326e+06 6.42877e+06 5.7758e+06 
8.15188e+06 8.1408e+06 8.38076e+06 8.76902e+06 8.20124e+06 7.23229e+06 6.39819e+06 
8.17821e+06 8.11803e+06 8.10768e+06 8.34832e+06 8.74058e+06 8.16078e+06 7.20262e+06 
8.08681e+06 8.14272e+06 8.07856e+06 8.06196e+06 8.30201e+06 8.68974e+06 8.11688e+06 
7.85656e+06 8.07033e+06 8.1212e+06 8.04981e+06 8.03153e+06 8.26973e+06 8.64722e+06 

8.77947e+06 8.19623e+06 7.25852e+06 6.48306e+06 5.8444e+06 5.28791e+06 4.6887e+06 
8.35185e+06 8.73283e+06 8.16828e+06 7.28238e+06 6.46655e+06 5.80433e+06 5.25053e+06 
8.09712e+06 8.3309e+06 8.70622e+06 8.1938e+06 7.26187e+06 6.41824e+06 5.76102e+06 
8.11151e+06 8.10199e+06 8.33792e+06 8.72042e+06 8.17495e+06 7.20743e+06 6.36944e+06 
8.15347e+06 8.09377e+06 8.08318e+06 8.32214e+06 8.71178e+06 8.13365e+06 7.17176e+06 
8.06644e+06 8.12203e+06 8.05878e+06 8.04437e+06 8.28402e+06 8.67297e+06 8.09633e+06 
7.822e+06 8.0356e+06 8.08746e+06 8.02004e+06 8.00352e+06 8.24151e+06 8.62172e+06 

8.05886e+06 7.56675e+06 6.70442e+06 5.93375e+06 5.36335e+06 4.90757e+06 4.37302e+06 
7.67803e+06 8.01687e+06 7.52203e+06 6.63627e+06 5.90834e+06 5.35869e+06 4.86022e+06 
7.41578e+06 7.63105e+06 7.9901e+06 7.4617e+06 6.6239e+06 5.91341e+06 5.31748e+06 
7.39822e+06 7.38093e+06 7.6054e+06 7.95848e+06 7.45558e+06 6.64552e+06 5.88549e+06 
7.45564e+06 7.3972e+06 7.39268e+06 7.60937e+06 7.94941e+06 7.48383e+06 6.61327e+06 
7.41561e+06 7.4682e+06 7.41553e+06 7.40895e+06 7.62322e+06 7.96853e+06 7.45219e+06 
7.1953e+06 7.39283e+06 7.4433e+06 7.3891e+06 7.37923e+06 7.59332e+06 7.94064e+06 

8.09488e+06 7.59249e+06 6.70481e+06 5.94774e+06 5.36871e+06 4.9089e+06 4.39692e+06 
7.70314e+06 8.05214e+06 7.52288e+06 6.65038e+06 5.91803e+06 5.36828e+06 4.89108e+06 
7.42182e+06 7.63554e+06 7.98123e+06 7.4677e+06 6.62587e+06 5.91801e+06 5.34397e+06 
7.41586e+06 7.39553e+06 7.61314e+06 7.96425e+06 7.46232e+06 6.65206e+06 5.91662e+06 
7.47095e+06 7.41225e+06 7.4035e+06 7.62109e+06 7.96518e+06 7.4948e+06 6.65564e+06 
7.43918e+06 7.4913e+06 7.43699e+06 7.4285e+06 7.64373e+06 7.9906e+06 7.50129e+06 
7.24109e+06 7.44016e+06 7.49188e+06 7.43408e+06 7.42482e+06 7.64224e+06 7.99092e+06 

8.10488e+06 7.62912e+06 6.72721e+06 5.94393e+06 5.37166e+06 4.90836e+06 4.40339e+06 
7.74499e+06 8.10237e+06 7.56696e+06 6.65974e+06 5.9325e+06 5.37886e+06 4.91236e+06 
7.4541e+06 7.6744e+06 8.02514e+06 7.47546e+06 6.63826e+06 5.93072e+06 5.37048e+06 
7.4211e+06 7.4026e+06 7.61716e+06 7.96055e+06 7.46742e+06 6.6566e+06 5.93787e+06 
7.48509e+06 7.42621e+06 7.41294e+06 7.62795e+06 7.97306e+06 7.50169e+06 6.68183e+06 
7.46046e+06 7.50904e+06 7.45359e+06 7.44292e+06 7.65934e+06 8.00905e+06 7.53308e+06 
7.28134e+06 7.47902e+06 7.53139e+06 7.47238e+06 7.46226e+06 7.68105e+06 8.03016e+06 

9.04526e+06 8.49506e+06 7.57999e+06 6.76782e+06 6.14066e+06 5.61467e+06 5.0086e+06 
8.63992e+06 9.02401e+06 8.50313e+06 7.57303e+06 6.76746e+06 6.13431e+06 5.57179e+06 
8.4015e+06 8.64601e+06 9.04334e+06 8.50228e+06 7.57802e+06 6.7633e+06 6.09246e+06 
8.42994e+06 8.41403e+06 8.66441e+06 9.06106e+06 8.52253e+06 7.59368e+06 6.73615e+06 
8.51478e+06 8.44977e+06 8.43692e+06 8.68415e+06 9.083e+06 8.54845e+06 7.56472e+06 
8.46991e+06 8.528e+06 8.45814e+06 8.44231e+06 8.69307e+06 9.09084e+06 8.50819e+06 
8.20259e+06 8.42655e+06 8.47889e+06 8.41014e+06 8.39883e+06 8.64624e+06 9.03936e+06 

9.03145e+06 8.47941e+06 7.55502e+06 6.74767e+06 6.12043e+06 5.59736e+06 5.01134e+06 
8.6394e+06 9.02769e+06 8.49142e+06 7.56312e+06 6.7627e+06 6.13588e+06 5.59202e+06 
8.38162e+06 8.62411e+06 9.01168e+06 8.47328e+06 7.55593e+06 6.75056e+06 6.09885e+06 
8.39463e+06 8.37456e+06 8.61893e+06 9.01283e+06 8.48176e+06 7.56182e+06 6.7253e+06 
8.465e+06 8.39907e+06 8.38332e+06 8.63085e+06 9.03138e+06 8.50046e+06 7.54384e+06 
8.41759e+06 8.47521e+06 8.40576e+06 8.38948e+06 8.64032e+06 9.04087e+06 8.4826e+06 
8.17461e+06 8.39999e+06 8.45446e+06 8.38257e+06 8.36866e+06 8.61991e+06 9.01461e+06 

8.99697e+06 8.45048e+06 7.52002e+06 6.71054e+06 6.08148e+06 5.55623e+06 4.98034e+06 
8.6129e+06 9.00339e+06 8.45919e+06 7.52822e+06 6.72489e+06 6.09677e+06 5.5657e+06 
8.364e+06 8.60678e+06 8.99105e+06 8.44836e+06 7.52598e+06 6.7234e+06 6.08697e+06 
8.35774e+06 8.339e+06 8.57902e+06 8.96774e+06 8.43422e+06 7.51579e+06 6.69851e+06 
8.42334e+06 8.35616e+06 8.33527e+06 8.5801e+06 8.97738e+06 8.44445e+06 7.50976e+06 
8.37802e+06 8.4313e+06 8.36053e+06 8.34486e+06 8.59408e+06 8.9914e+06 8.44902e+06 
8.14675e+06 8.3688e+06 8.42334e+06 8.35562e+06 8.34287e+06 8.59247e+06 8.98973e+06 

8.85972e+06 8.28427e+06 7.34886e+06 6.57416e+06 5.94834e+06 5.40013e+06 4.80219e+06 
8.43e+06 8.81862e+06 8.26159e+06 7.37548e+06 6.57267e+06 5.91867e+06 5.36551e+06 
8.17076e+06 8.41086e+06 8.79658e+06 8.28621e+06 7.37018e+06 6.53358e+06 5.87666e+06 
8.20123e+06 8.18666e+06 8.42943e+06 8.81896e+06 8.28821e+06 7.32968e+06 6.49024e+06 
8.2733e+06 8.2071e+06 8.19535e+06 8.44004e+06 8.8311e+06 8.26286e+06 7.29812e+06 
8.201e+06 8.25441e+06 8.19025e+06 8.17808e+06 8.41974e+06 8.80668e+06 8.23165e+06 
7.98908e+06 8.20436e+06 8.25683e+06 8.19134e+06 8.17543e+06 8.41392e+06 8.79597e+06 

8.88847e+06 8.33086e+06 7.3556e+06 6.54005e+06 5.94316e+06 5.41647e+06 4.81775e+06 
8.46703e+06 8.85512e+06 8.27993e+06 7.33964e+06 6.56858e+06 5.93621e+06 5.38246e+06 
8.1788e+06 8.42294e+06 8.81656e+06 8.25178e+06 7.37149e+06 6.5594e+06 5.90041e+06 
8.17299e+06 8.15926e+06 8.40073e+06 8.7848e+06 8.27838e+06 7.34974e+06 6.51111e+06 
8.27594e+06 8.20867e+06 8.19612e+06 8.43688e+06 8.82089e+06 8.28215e+06 7.31904e+06 
8.23547e+06 8.28822e+06 8.22253e+06 8.20829e+06 8.44988e+06 8.83918e+06 8.26585e+06 
8.01132e+06 8.2263e+06 8.27706e+06 8.21282e+06 8.19838e+06 8.43912e+06 8.82588e+06 

8.8986e+06 8.34985e+06 7.39098e+06 6.54247e+06 5.90658e+06 5.40685e+06 4.83393e+06 
8.49502e+06 8.87186e+06 8.31499e+06 7.34124e+06 6.53018e+06 5.92987e+06 5.39711e+06 
8.22179e+06 8.4587e+06 8.85169e+06 8.27322e+06 7.33782e+06 6.56255e+06 5.92442e+06 
8.19591e+06 8.17661e+06 8.42182e+06 8.81252e+06 8.25041e+06 7.36427e+06 6.55001e+06 
8.25799e+06 8.19172e+06 8.17812e+06 8.41646e+06 8.7953e+06 8.28835e+06 7.35617e+06 
8.2439e+06 8.29853e+06 8.23057e+06 8.21481e+06 8.45438e+06 8.84022e+06 8.29515e+06 
8.02503e+06 8.24054e+06 8.29052e+06 8.22557e+06 8.21136e+06 8.45276e+06 8.84204e+06 

9.14047e+06 8.55596e+06 7.58951e+06 6.79109e+06 6.13003e+06 5.54976e+06 4.93569e+06 
8.69872e+06 9.10364e+06 8.5208e+06 7.60736e+06 6.76279e+06 6.07389e+06 5.5087e+06 
8.43612e+06 8.68421e+06 9.06922e+06 8.54391e+06 7.57882e+06 6.70473e+06 6.03223e+06 
8.45773e+06 8.44951e+06 8.69156e+06 9.08258e+06 8.52058e+06 7.51587e+06 6.65879e+06 
8.48862e+06 8.42669e+06 8.41483e+06 8.66101e+06 9.05873e+06 8.45585e+06 7.47224e+06 
8.37233e+06 8.42826e+06 8.36774e+06 8.35785e+06 8.60288e+06 9.00068e+06 8.41594e+06 
8.10387e+06 8.32668e+06 8.38549e+06 8.32356e+06 8.31018e+06 8.55606e+06 8.95646e+06 

9.15489e+06 8.56407e+06 7.5907e+06 6.77945e+06 6.14374e+06 5.5778e+06 4.95346e+06 
8.69536e+06 9.09421e+06 8.51591e+06 7.58371e+06 6.76772e+06 6.09111e+06 5.51522e+06 
8.42638e+06 8.67483e+06 9.06622e+06 8.51981e+06 7.58862e+06 6.72707e+06 6.04181e+06 
8.44294e+06 8.4333e+06 8.677e+06 9.06926e+06 8.53337e+06 7.54715e+06 6.67354e+06 
8.50494e+06 8.44107e+06 8.42902e+06 8.67719e+06 9.07452e+06 8.48833e+06 7.48507e+06 
8.39854e+06 8.45482e+06 8.39208e+06 8.38713e+06 8.63398e+06 9.02866e+06 8.42918e+06 
8.11036e+06 8.33372e+06 8.39226e+06 8.33739e+06 8.3284e+06 8.57152e+06 8.97214e+06 

9.20938e+06 8.59833e+06 7.60205e+06 6.78484e+06 6.15371e+06 5.60782e+06 4.989e+06 
8.71121e+06 9.10597e+06 8.51052e+06 7.57056e+06 6.76292e+06 6.10792e+06 5.53426e+06 
8.41872e+06 8.6633e+06 9.05226e+06 8.50171e+06 7.57846e+06 6.74022e+06 6.05497e+06 
8.43166e+06 8.41938e+06 8.66324e+06 9.05718e+06 8.52318e+06 7.56602e+06 6.69187e+06 
8.50229e+06 8.43959e+06 8.428e+06 8.67587e+06 9.07377e+06 8.5128e+06 7.51093e+06 
8.42313e+06 8.48252e+06 8.41703e+06 8.40994e+06 8.65899e+06 9.05382e+06 8.45647e+06 
8.13295e+06 8.35859e+06 8.41552e+06 8.35797e+06 8.3537e+06 8.59829e+06 8.99639e+06 

8.7909e+06 8.2576e+06 7.32229e+06 6.50318e+06 5.86703e+06 5.33211e+06 4.75184e+06 
8.40124e+06 8.7883e+06 8.23975e+06 7.30072e+06 6.48583e+06 5.84939e+06 5.3135e+06 
8.16004e+06 8.40289e+06 8.78666e+06 8.22996e+06 7.29448e+06 6.48099e+06 5.84225e+06 
8.1731e+06 8.16521e+06 8.40318e+06 8.78052e+06 8.22456e+06 7.28877e+06 6.479e+06 
8.23151e+06 8.17148e+06 8.16066e+06 8.39279e+06 8.76519e+06 8.21495e+06 7.28573e+06 
8.13261e+06 8.18622e+06 8.12448e+06 8.1076e+06 8.34006e+06 8.72368e+06 8.17624e+06 
7.89614e+06 8.10773e+06 8.15917e+06 8.09649e+06 8.07906e+06 8.31774e+06 8.7081e+06 

8.77104e+06 8.23596e+06 7.31091e+06 6.4943e+06 5.85558e+06 5.32044e+06 4.7414e+06 
8.36924e+06 8.75654e+06 8.21487e+06 7.27795e+06 6.46241e+06 5.82709e+06 5.28923e+06 
8.13207e+06 8.37468e+06 8.75733e+06 8.20507e+06 7.27102e+06 6.45577e+06 5.81479e+06 
8.1473e+06 8.13817e+06 8.3774e+06 8.76084e+06 8.20556e+06 7.26822e+06 6.4536e+06 
8.21299e+06 8.15345e+06 8.14333e+06 8.37891e+06 8.75419e+06 8.19959e+06 7.26313e+06 
8.15611e+06 8.21145e+06 8.14634e+06 8.13057e+06 8.36297e+06 8.73945e+06 8.18791e+06 
7.90008e+06 8.11135e+06 8.16e+06 8.0976e+06 8.08052e+06 8.31572e+06 8.70277e+06 

8.77668e+06 8.22634e+06 7.30474e+06 6.4973e+06 5.86012e+06 5.32468e+06 4.74403e+06 
8.35604e+06 8.74128e+06 8.20035e+06 7.27432e+06 6.46123e+06 5.82435e+06 5.2854e+06 
8.10904e+06 8.34927e+06 8.73117e+06 8.18815e+06 7.25705e+06 6.44099e+06 5.79959e+06 
8.12987e+06 8.11845e+06 8.35788e+06 8.74266e+06 8.19242e+06 7.25631e+06 6.43755e+06 
8.20039e+06 8.13982e+06 8.12878e+06 8.367e+06 8.74895e+06 8.19386e+06 7.25256e+06 
8.16218e+06 8.21743e+06 8.15156e+06 8.13726e+06 8.37295e+06 8.74898e+06 8.192e+06 
7.94488e+06 8.15719e+06 8.20675e+06 8.14217e+06 8.12747e+06 8.36156e+06 8.74172e+06 

8.88168e+06 8.31365e+06 7.42449e+06 6.62226e+06 5.94875e+06 5.3858e+06 4.7847e+06 
8.47475e+06 8.85808e+06 8.34254e+06 7.43009e+06 6.57192e+06 5.90424e+06 5.34671e+06 
8.26776e+06 8.50783e+06 8.89385e+06 8.37092e+06 7.38732e+06 6.53355e+06 5.87212e+06 
8.28866e+06 8.28011e+06 8.5253e+06 8.92065e+06 8.33253e+06 7.35169e+06 6.50931e+06 
8.29576e+06 8.2368e+06 8.22632e+06 8.46853e+06 8.86279e+06 8.27726e+06 7.30841e+06 
8.20506e+06 8.26248e+06 8.19482e+06 8.17462e+06 8.41636e+06 8.80666e+06 8.22892e+06 
7.97407e+06 8.18931e+06 8.23735e+06 8.1653e+06 8.14667e+06 8.388e+06 8.77349e+06 

8.87046e+06 8.29297e+06 7.3921e+06 6.60798e+06 5.9407e+06 5.37432e+06 4.77108e+06 
8.45813e+06 8.84178e+06 8.31042e+06 7.41859e+06 6.56872e+06 5.89662e+06 5.338e+06 
8.23568e+06 8.4731e+06 8.85451e+06 8.34764e+06 7.3751e+06 6.51742e+06 5.85498e+06 
8.26843e+06 8.25853e+06 8.50149e+06 8.89531e+06 8.31849e+06 7.33403e+06 6.4882e+06 
8.29378e+06 8.23345e+06 8.22297e+06 8.4666e+06 8.8636e+06 8.27372e+06 7.30117e+06 
8.20684e+06 8.26372e+06 8.19802e+06 8.18074e+06 8.42332e+06 8.8148e+06 8.2341e+06 
7.97428e+06 8.19068e+06 8.24145e+06 8.1692e+06 8.14983e+06 8.3911e+06 8.77588e+06 

8.86995e+06 8.28319e+06 7.35861e+06 6.5809e+06 5.93041e+06 5.36571e+06 4.75975e+06 
8.45013e+06 8.83462e+06 8.28217e+06 7.39488e+06 6.56486e+06 5.89342e+06 5.33309e+06 
8.21144e+06 8.44804e+06 8.8268e+06 8.31834e+06 7.37028e+06 6.51459e+06 5.84993e+06 
8.23888e+06 8.22892e+06 8.46853e+06 8.85738e+06 8.30194e+06 7.3208e+06 6.47182e+06 
8.28216e+06 8.22178e+06 8.21138e+06 8.45431e+06 8.85123e+06 8.26434e+06 7.28914e+06 
8.19586e+06 8.25273e+06 8.18865e+06 8.17327e+06 8.4164e+06 8.81078e+06 8.22787e+06 
7.95678e+06 8.17413e+06 8.22698e+06 8.15574e+06 8.1364e+06 8.37855e+06 8.76519e+06 

8.24027e+06 7.73516e+06 6.86603e+06 6.08765e+06 5.46219e+06 4.936e+06 4.38009e+06 
7.86874e+06 8.23204e+06 7.72139e+06 6.83053e+06 6.0335e+06 5.4087e+06 4.897e+06 
7.62539e+06 7.85188e+06 8.21165e+06 7.68302e+06 6.76722e+06 5.97531e+06 5.36976e+06 
7.61579e+06 7.61054e+06 7.83366e+06 8.18705e+06 7.63874e+06 6.72939e+06 5.95645e+06 
7.6258e+06 7.57406e+06 7.56798e+06 7.78686e+06 8.14416e+06 7.59555e+06 6.70653e+06 
7.50084e+06 7.55298e+06 7.50186e+06 7.49171e+06 7.70938e+06 8.06569e+06 7.53439e+06 
7.2994e+06 7.49875e+06 7.55241e+06 7.49158e+06 7.47386e+06 7.6926e+06 8.04836e+06 

8.26157e+06 7.76118e+06 6.89164e+06 6.11261e+06 5.48821e+06 4.95941e+06 4.40352e+06 
7.88477e+06 8.25021e+06 7.74106e+06 6.8506e+06 6.05194e+06 5.42377e+06 4.91398e+06 
7.64318e+06 7.87182e+06 8.23752e+06 7.70964e+06 6.79167e+06 5.99636e+06 5.39352e+06 
7.64391e+06 7.63697e+06 7.8627e+06 8.2201e+06 7.67201e+06 6.75788e+06 5.98917e+06 
7.69385e+06 7.63604e+06 7.62597e+06 7.84768e+06 8.20469e+06 7.6526e+06 6.76754e+06 
7.60076e+06 7.64792e+06 7.59374e+06 7.58519e+06 7.80398e+06 8.1566e+06 7.62577e+06 
7.35116e+06 7.54791e+06 7.60002e+06 7.54438e+06 7.53084e+06 7.74624e+06 8.09931e+06 

8.29214e+06 7.79601e+06 6.92912e+06 6.14799e+06 5.52625e+06 4.99647e+06 4.43307e+06 
7.91473e+06 8.27905e+06 7.77551e+06 6.88364e+06 6.0858e+06 5.45642e+06 4.93829e+06 
7.67267e+06 7.90273e+06 8.27317e+06 7.74495e+06 6.82923e+06 6.02884e+06 5.41585e+06 
7.6681e+06 7.66192e+06 7.89065e+06 8.25541e+06 7.70904e+06 6.78843e+06 6.0105e+06 
7.72027e+06 7.66028e+06 7.64765e+06 7.87201e+06 8.23161e+06 7.67911e+06 6.78261e+06 
7.65917e+06 7.70559e+06 7.64419e+06 7.63109e+06 7.85335e+06 8.20767e+06 7.66702e+06 
7.43422e+06 7.62963e+06 7.67519e+06 7.61895e+06 7.60861e+06 7.82572e+06 8.1767e+06 

8.88156e+06 8.32145e+06 7.37682e+06 6.56783e+06 5.94971e+06 5.4222e+06 4.82964e+06 
8.48139e+06 8.8607e+06 8.30508e+06 7.37578e+06 6.58262e+06 5.95018e+06 5.40387e+06 
8.23729e+06 8.47514e+06 8.85729e+06 8.30767e+06 7.39816e+06 6.58965e+06 5.93804e+06 
8.24238e+06 8.23013e+06 8.46687e+06 8.85004e+06 8.32099e+06 7.39672e+06 6.56523e+06 
8.29594e+06 8.23125e+06 8.21369e+06 8.45264e+06 8.84323e+06 8.30709e+06 7.35371e+06 
8.23759e+06 8.29122e+06 8.22164e+06 8.20397e+06 8.44932e+06 8.8445e+06 8.28175e+06 
8.01549e+06 8.23274e+06 8.28392e+06 8.21607e+06 8.2019e+06 8.44786e+06 8.84321e+06 

8.88807e+06 8.33522e+06 7.38123e+06 6.56283e+06 5.93849e+06 5.40774e+06 4.8176e+06 
8.48931e+06 8.8751e+06 8.31143e+06 7.37044e+06 6.5702e+06 5.93545e+06 5.39089e+06 
8.2351e+06 8.47624e+06 8.85711e+06 8.29674e+06 7.37848e+06 6.56805e+06 5.91953e+06 
8.2374e+06 8.2296e+06 8.46513e+06 8.84373e+06 8.3079e+06 7.38109e+06 6.55309e+06 
8.29648e+06 8.23833e+06 8.22292e+06 8.4587e+06 8.84896e+06 8.30862e+06 7.35814e+06 
8.23185e+06 8.28836e+06 8.219e+06 8.19908e+06 8.44246e+06 8.83602e+06 8.27653e+06 
7.997e+06 8.21462e+06 8.26552e+06 8.19458e+06 8.17715e+06 8.42288e+06 8.81814e+06 

8.91023e+06 8.36021e+06 7.40229e+06 6.57741e+06 5.94732e+06 5.40845e+06 4.8129e+06 
8.50759e+06 8.8999e+06 8.33602e+06 7.38868e+06 6.5792e+06 5.93516e+06 5.38579e+06 
8.24598e+06 8.49198e+06 8.87985e+06 8.31324e+06 7.38409e+06 6.56266e+06 5.91037e+06 
8.2513e+06 8.24568e+06 8.48502e+06 8.86102e+06 8.31616e+06 7.37562e+06 6.54455e+06 
8.31212e+06 8.25654e+06 8.24686e+06 8.4808e+06 8.86644e+06 8.31544e+06 7.36072e+06 
8.24548e+06 8.30311e+06 8.2403e+06 8.22147e+06 8.4612e+06 8.8542e+06 8.28916e+06 
8.00038e+06 8.21797e+06 8.27128e+06 8.19994e+06 8.17981e+06 8.42349e+06 8.81617e+06 

9.0866e+06 8.47695e+06 7.49143e+06 6.67092e+06 6.02834e+06 5.46132e+06 4.83299e+06 
8.58522e+06 8.97628e+06 8.38662e+06 7.44382e+06 6.62177e+06 5.94414e+06 5.3633e+06 
8.27645e+06 8.51957e+06 8.90486e+06 8.3477e+06 7.40906e+06 6.5468e+06 5.85602e+06 
8.24397e+06 8.23807e+06 8.47766e+06 8.86556e+06 8.3181e+06 7.33124e+06 6.45328e+06 
8.25854e+06 8.20015e+06 8.1916e+06 8.43509e+06 8.82513e+06 8.23412e+06 7.22563e+06 
8.11143e+06 8.16964e+06 8.11029e+06 8.10873e+06 8.3504e+06 8.73578e+06 8.12606e+06 
7.77944e+06 7.9991e+06 8.0569e+06 8.00804e+06 8.00403e+06 8.24014e+06 8.62833e+06 

9.15829e+06 8.53632e+06 7.52488e+06 6.6961e+06 6.05788e+06 5.50639e+06 4.88363e+06 
8.63084e+06 9.02257e+06 8.41344e+06 7.45932e+06 6.64485e+06 5.98422e+06 5.40617e+06 
8.29969e+06 8.5417e+06 8.92582e+06 8.36074e+06 7.42966e+06 6.58571e+06 5.89594e+06 
8.26562e+06 8.25771e+06 8.49752e+06 8.88566e+06 8.3416e+06 7.37728e+06 6.5e+06 
8.28748e+06 8.23092e+06 8.22354e+06 8.46651e+06 8.85793e+06 8.28755e+06 7.28193e+06 
8.1647e+06 8.22632e+06 8.16562e+06 8.16074e+06 8.40464e+06 8.7931e+06 8.18749e+06 
7.8404e+06 8.06329e+06 8.12046e+06 8.06644e+06 8.06471e+06 8.30418e+06 8.69221e+06 

9.21567e+06 8.60479e+06 7.5702e+06 6.71692e+06 6.0797e+06 5.54035e+06 4.92897e+06 
8.68591e+06 9.08313e+06 8.46001e+06 7.47438e+06 6.66215e+06 6.0151e+06 5.4476e+06 
8.33381e+06 8.57872e+06 8.96562e+06 8.37368e+06 7.44262e+06 6.61597e+06 5.93767e+06 
8.28495e+06 8.27554e+06 8.51524e+06 8.90016e+06 8.3556e+06 7.41208e+06 6.54718e+06 
8.31026e+06 8.25531e+06 8.24756e+06 8.4888e+06 8.88095e+06 8.32735e+06 7.33736e+06 
8.21011e+06 8.27288e+06 8.2121e+06 8.20465e+06 8.4497e+06 8.83897e+06 8.24631e+06 
7.90147e+06 8.12624e+06 8.18428e+06 8.12573e+06 8.1253e+06 8.36647e+06 8.75325e+06 

8.84762e+06 8.28058e+06 7.30807e+06 6.51816e+06 5.90678e+06 5.35528e+06 4.75953e+06 
8.41045e+06 8.8107e+06 8.22426e+06 7.3163e+06 6.52731e+06 5.87009e+06 5.32263e+06 
8.13683e+06 8.38429e+06 8.76757e+06 8.22824e+06 7.32748e+06 6.49234e+06 5.84382e+06 
8.15924e+06 8.154e+06 8.38982e+06 8.76148e+06 8.24385e+06 7.28556e+06 6.4595e+06 
8.22466e+06 8.16546e+06 8.15496e+06 8.38986e+06 8.77078e+06 8.20082e+06 7.24997e+06 
8.13377e+06 8.18692e+06 8.12771e+06 8.11504e+06 8.35052e+06 8.73409e+06 8.16869e+06 
7.89724e+06 8.11054e+06 8.16543e+06 8.10255e+06 8.08425e+06 8.32117e+06 8.70948e+06 

8.85678e+06 8.28792e+06 7.31632e+06 6.51274e+06 5.91318e+06 5.3803e+06 4.78117e+06 
8.41017e+06 8.7992e+06 8.22205e+06 7.2962e+06 6.52272e+06 5.88386e+06 5.33017e+06 
8.13382e+06 8.37731e+06 8.76332e+06 8.20855e+06 7.3252e+06 6.5085e+06 5.85035e+06 
8.14437e+06 8.13577e+06 8.37321e+06 8.74938e+06 8.24199e+06 7.30802e+06 6.47031e+06 
8.22639e+06 8.16625e+06 8.15531e+06 8.39212e+06 8.77379e+06 8.22606e+06 7.26375e+06 
8.15241e+06 8.20767e+06 8.14396e+06 8.1326e+06 8.37125e+06 8.75497e+06 8.18071e+06 
7.89726e+06 8.11171e+06 8.16422e+06 8.10505e+06 8.09324e+06 8.32972e+06 8.71549e+06 

8.89759e+06 8.30505e+06 7.3206e+06 6.50988e+06 5.90641e+06 5.39405e+06 4.80326e+06 
8.42634e+06 8.80835e+06 8.22116e+06 7.28743e+06 6.51323e+06 5.89647e+06 5.34883e+06 
8.13153e+06 8.36902e+06 8.75148e+06 8.19506e+06 7.30756e+06 6.51619e+06 5.86292e+06 
8.13526e+06 8.12257e+06 8.36004e+06 8.73856e+06 8.22272e+06 7.32078e+06 6.48612e+06 
8.2165e+06 8.15598e+06 8.14452e+06 8.38137e+06 8.76427e+06 8.24225e+06 7.28498e+06 
8.16646e+06 8.22358e+06 8.15868e+06 8.14753e+06 8.3879e+06 8.77178e+06 8.20462e+06 
7.91339e+06 8.13056e+06 8.18398e+06 8.12215e+06 8.11132e+06 8.3497e+06 8.73647e+06 

9.17859e+06 8.61914e+06 7.64582e+06 6.78957e+06 6.12187e+06 5.56882e+06 4.96154e+06 
8.75329e+06 9.15117e+06 8.57927e+06 7.59657e+06 6.74519e+06 6.08473e+06 5.52423e+06 
8.46955e+06 8.71789e+06 9.11146e+06 8.52971e+06 7.55033e+06 6.70912e+06 6.04157e+06 
8.44372e+06 8.43472e+06 8.67968e+06 9.07216e+06 8.49188e+06 7.52941e+06 6.67596e+06 
8.45102e+06 8.39234e+06 8.37925e+06 8.62284e+06 9.02191e+06 8.45415e+06 7.47442e+06 
8.33639e+06 8.39503e+06 8.32981e+06 8.31645e+06 8.56381e+06 8.95975e+06 8.38018e+06 
8.05438e+06 8.27831e+06 8.33478e+06 8.26912e+06 8.25686e+06 8.50363e+06 8.90182e+06 

9.16651e+06 8.60712e+06 7.65144e+06 6.81545e+06 6.1478e+06 5.58859e+06 4.98533e+06 
8.75314e+06 9.15479e+06 8.59185e+06 7.631e+06 6.78406e+06 6.12069e+06 5.55828e+06 
8.49529e+06 8.74434e+06 9.13303e+06 8.57359e+06 7.60527e+06 6.75413e+06 6.08076e+06 
8.48736e+06 8.47564e+06 8.72139e+06 9.1199e+06 8.54751e+06 7.56926e+06 6.71198e+06 
8.51067e+06 8.45256e+06 8.44466e+06 8.69152e+06 9.08724e+06 8.50812e+06 7.52672e+06 
8.39105e+06 8.45385e+06 8.39009e+06 8.37556e+06 8.62002e+06 9.01981e+06 8.44356e+06 
8.10648e+06 8.33241e+06 8.38757e+06 8.32125e+06 8.30544e+06 8.55562e+06 8.95976e+06 

9.17348e+06 8.60481e+06 7.65068e+06 6.82619e+06 6.17283e+06 5.61515e+06 5.00794e+06 
8.75232e+06 9.15409e+06 8.59164e+06 7.64409e+06 6.81053e+06 6.14429e+06 5.58501e+06 
8.49765e+06 8.74683e+06 9.13633e+06 8.58279e+06 7.62696e+06 6.78058e+06 6.11497e+06 
8.49677e+06 8.48464e+06 8.7283e+06 9.11946e+06 8.56507e+06 7.59808e+06 6.74161e+06 
8.52801e+06 8.46705e+06 8.45346e+06 8.70124e+06 9.10668e+06 8.53307e+06 7.54971e+06 
8.432e+06 8.49028e+06 8.42757e+06 8.41903e+06 8.66866e+06 9.06646e+06 8.48818e+06 
8.15166e+06 8.37925e+06 8.44085e+06 8.37499e+06 8.36008e+06 8.60791e+06 9.01265e+06 

7.69751e+06 7.23476e+06 6.41162e+06 5.70474e+06 5.13654e+06 4.62475e+06 4.08167e+06 
7.37348e+06 7.71452e+06 7.22644e+06 6.41917e+06 5.68656e+06 5.07789e+06 4.58142e+06 
7.15286e+06 7.3667e+06 7.70597e+06 7.22491e+06 6.38659e+06 5.61822e+06 5.03378e+06 
7.14176e+06 7.14234e+06 7.34981e+06 7.67843e+06 7.1871e+06 6.30426e+06 5.56293e+06 
7.14322e+06 7.09322e+06 7.08446e+06 7.2896e+06 7.62942e+06 7.09694e+06 6.24272e+06 
7.03187e+06 7.0777e+06 7.0265e+06 7.01252e+06 7.22114e+06 7.56482e+06 7.04591e+06 
6.8094e+06 6.99424e+06 7.04098e+06 6.98234e+06 6.96528e+06 7.17343e+06 7.50839e+06 

7.71584e+06 7.28299e+06 6.47071e+06 5.75372e+06 5.1804e+06 4.66821e+06 4.12392e+06 
7.43543e+06 7.77751e+06 7.30222e+06 6.48305e+06 5.74423e+06 5.13523e+06 4.6376e+06 
7.25756e+06 7.47401e+06 7.81583e+06 7.3271e+06 6.481e+06 5.71172e+06 5.12534e+06 
7.2497e+06 7.25063e+06 7.45965e+06 7.79046e+06 7.29299e+06 6.40879e+06 5.66498e+06 
7.26247e+06 7.2121e+06 7.20303e+06 7.40893e+06 7.74822e+06 7.21568e+06 6.35837e+06 
7.14688e+06 7.19312e+06 7.14151e+06 7.12837e+06 7.33682e+06 7.68293e+06 7.1669e+06 
6.91183e+06 7.09845e+06 7.14643e+06 7.08991e+06 7.06999e+06 7.28049e+06 7.62945e+06 

7.74387e+06 7.32908e+06 6.55601e+06 5.82894e+06 5.24237e+06 4.73323e+06 4.19233e+06 
7.47389e+06 7.81344e+06 7.37559e+06 6.54631e+06 5.7923e+06 5.18688e+06 4.69177e+06 
7.34274e+06 7.5608e+06 7.906e+06 7.41492e+06 6.54908e+06 5.78347e+06 5.19932e+06 
7.37584e+06 7.37531e+06 7.58815e+06 7.92458e+06 7.41111e+06 6.53138e+06 5.78911e+06 
7.37913e+06 7.32758e+06 7.31718e+06 7.5252e+06 7.86755e+06 7.33891e+06 6.48332e+06 
7.26392e+06 7.31064e+06 7.25637e+06 7.24228e+06 7.45267e+06 7.79642e+06 7.28326e+06 
7.0291e+06 7.2171e+06 7.26449e+06 7.20802e+06 7.19184e+06 7.4019e+06 7.75296e+06 

8.75452e+06 8.17413e+06 7.21385e+06 6.38515e+06 5.73901e+06 5.19844e+06 4.63674e+06 
8.30119e+06 8.6907e+06 8.11546e+06 7.16495e+06 6.33871e+06 5.69793e+06 5.18291e+06 
8.03129e+06 8.27124e+06 8.65554e+06 8.08772e+06 7.13805e+06 6.32413e+06 5.71236e+06 
8.03322e+06 8.0208e+06 8.25595e+06 8.63508e+06 8.07013e+06 7.13256e+06 6.35228e+06 
8.10707e+06 8.03927e+06 8.02008e+06 8.25439e+06 8.62905e+06 8.0678e+06 7.17072e+06 
8.06688e+06 8.11154e+06 8.04478e+06 8.03005e+06 8.26193e+06 8.63172e+06 8.10108e+06 
7.88222e+06 8.0853e+06 8.13372e+06 8.07372e+06 8.06084e+06 8.28931e+06 8.6626e+06 

8.78864e+06 8.20601e+06 7.2397e+06 6.40963e+06 5.76768e+06 5.22832e+06 4.65776e+06 
8.31493e+06 8.70406e+06 8.12638e+06 7.17438e+06 6.3521e+06 5.71173e+06 5.1867e+06 
8.02005e+06 8.26076e+06 8.64692e+06 8.07739e+06 7.13307e+06 6.31727e+06 5.6939e+06 
8.00941e+06 7.9989e+06 8.23566e+06 8.61692e+06 8.0559e+06 7.11732e+06 6.32412e+06 
8.07487e+06 8.00959e+06 7.99174e+06 8.22658e+06 8.60419e+06 8.04523e+06 7.13274e+06 
8.0422e+06 8.08936e+06 8.02e+06 8.0022e+06 8.23664e+06 8.60695e+06 8.06232e+06 
7.85197e+06 8.05578e+06 8.10086e+06 8.03816e+06 8.02902e+06 8.25801e+06 8.62404e+06 

8.81359e+06 8.22904e+06 7.26124e+06 6.43157e+06 5.78942e+06 5.25099e+06 4.67498e+06 
8.35111e+06 8.73985e+06 8.16213e+06 7.21081e+06 6.3888e+06 5.74944e+06 5.21709e+06 
8.04178e+06 8.28249e+06 8.66951e+06 8.10161e+06 7.15854e+06 6.34093e+06 5.70826e+06 
8.01952e+06 8.00948e+06 8.24799e+06 8.63112e+06 8.06962e+06 7.12909e+06 6.32565e+06 
8.07362e+06 8.01099e+06 7.99635e+06 8.23133e+06 8.60994e+06 8.05294e+06 7.12941e+06 
8.03445e+06 8.08507e+06 8.0163e+06 7.99586e+06 8.2311e+06 8.60807e+06 8.0572e+06 
7.8441e+06 8.05038e+06 8.09475e+06 8.02762e+06 8.01433e+06 8.24791e+06 8.61554e+06 

8.24788e+06 7.73145e+06 6.83779e+06 6.02986e+06 5.41934e+06 4.94103e+06 4.43118e+06 
7.87207e+06 8.23052e+06 7.70403e+06 6.77253e+06 5.99982e+06 5.43148e+06 4.95956e+06 
7.61011e+06 7.83154e+06 8.18852e+06 7.62842e+06 6.73723e+06 6.00957e+06 5.44383e+06 
7.5607e+06 7.54303e+06 7.76282e+06 8.12153e+06 7.58641e+06 6.75092e+06 6.02507e+06 
7.57919e+06 7.51933e+06 7.5012e+06 7.72119e+06 8.07848e+06 7.58989e+06 6.75989e+06 
7.5292e+06 7.57784e+06 7.51226e+06 7.4932e+06 7.7154e+06 8.07213e+06 7.59234e+06 
7.34645e+06 7.54396e+06 7.58967e+06 7.52362e+06 7.50858e+06 7.73305e+06 8.08957e+06 

8.27934e+06 7.76266e+06 6.87731e+06 6.07073e+06 5.44785e+06 4.9509e+06 4.43672e+06 
7.91176e+06 8.27527e+06 7.75345e+06 6.8254e+06 6.03536e+06 5.44621e+06 4.97418e+06 
7.66393e+06 7.88822e+06 8.24693e+06 7.68944e+06 6.77754e+06 6.02948e+06 5.466e+06 
7.61966e+06 7.60449e+06 7.82392e+06 8.18117e+06 7.6359e+06 6.77587e+06 6.05174e+06 
7.63368e+06 7.57355e+06 7.55266e+06 7.77323e+06 8.13638e+06 7.62713e+06 6.79814e+06 
7.57396e+06 7.62e+06 7.55436e+06 7.53456e+06 7.75905e+06 8.11902e+06 7.6378e+06 
7.37876e+06 7.57592e+06 7.62301e+06 7.55554e+06 7.53984e+06 7.76471e+06 8.12146e+06 

8.30481e+06 7.79397e+06 6.91218e+06 6.10774e+06 5.48001e+06 4.97248e+06 4.43808e+06 
7.94683e+06 8.31019e+06 7.79537e+06 6.87509e+06 6.07299e+06 5.47008e+06 4.98052e+06 
7.71044e+06 7.93793e+06 8.30387e+06 7.75145e+06 6.82453e+06 6.05932e+06 5.47785e+06 
7.68013e+06 7.67211e+06 7.89596e+06 8.25175e+06 7.69326e+06 6.8129e+06 6.07209e+06 
7.69553e+06 7.63858e+06 7.62152e+06 7.83866e+06 8.19868e+06 7.67969e+06 6.82967e+06 
7.63116e+06 7.67807e+06 7.61427e+06 7.59038e+06 7.81426e+06 8.1803e+06 7.67986e+06 
7.42741e+06 7.62414e+06 7.66962e+06 7.59997e+06 7.58183e+06 7.80868e+06 8.16795e+06 

8.1721e+06 7.5923e+06 6.65255e+06 5.89727e+06 5.33212e+06 4.85576e+06 4.31555e+06 
7.6581e+06 8.01154e+06 7.43917e+06 6.56789e+06 5.84735e+06 5.27632e+06 4.77327e+06 
7.32115e+06 7.53712e+06 7.88523e+06 7.36347e+06 6.53876e+06 5.80582e+06 5.20546e+06 
7.2814e+06 7.26965e+06 7.48601e+06 7.83307e+06 7.34728e+06 6.51008e+06 5.74488e+06 
7.30755e+06 7.25448e+06 7.24911e+06 7.46518e+06 7.80889e+06 7.31618e+06 6.43884e+06 
7.21658e+06 7.27019e+06 7.21696e+06 7.21188e+06 7.42593e+06 7.76494e+06 7.23822e+06 
6.9496e+06 7.14511e+06 7.19456e+06 7.14435e+06 7.14143e+06 7.35079e+06 7.68788e+06 

8.33124e+06 7.77406e+06 6.81281e+06 6.03554e+06 5.48228e+06 5.01296e+06 4.48502e+06 
7.84444e+06 8.21244e+06 7.62845e+06 6.72368e+06 6.01928e+06 5.45673e+06 4.96451e+06 
7.50408e+06 7.72824e+06 8.08159e+06 7.53194e+06 6.72728e+06 6.00403e+06 5.4132e+06 
7.47824e+06 7.46034e+06 7.6775e+06 8.02718e+06 7.56497e+06 6.73904e+06 5.98156e+06 
7.54816e+06 7.49204e+06 7.48317e+06 7.70472e+06 8.05958e+06 7.57962e+06 6.7147e+06 
7.50086e+06 7.55576e+06 7.49862e+06 7.48952e+06 7.7114e+06 8.06223e+06 7.55226e+06 
7.26967e+06 7.47245e+06 7.52376e+06 7.46527e+06 7.46204e+06 7.68091e+06 8.02704e+06 

8.45082e+06 7.92489e+06 6.98188e+06 6.18231e+06 5.60594e+06 5.14283e+06 4.61794e+06 
8.03212e+06 8.39944e+06 7.84021e+06 6.91607e+06 6.1794e+06 5.62148e+06 5.13718e+06 
7.7191e+06 7.94613e+06 8.31382e+06 7.7568e+06 6.9068e+06 6.19185e+06 5.61058e+06 
7.69644e+06 7.67483e+06 7.90053e+06 8.25758e+06 7.76003e+06 6.94424e+06 6.19717e+06 
7.77545e+06 7.71118e+06 7.69507e+06 7.91899e+06 8.27878e+06 7.81356e+06 6.96073e+06 
7.76089e+06 7.80977e+06 7.74942e+06 7.73739e+06 7.96547e+06 8.32773e+06 7.83145e+06 
7.56265e+06 7.76791e+06 7.82108e+06 7.75928e+06 7.75234e+06 7.9792e+06 8.33784e+06 

7.65615e+06 7.21671e+06 6.46908e+06 5.80708e+06 5.24557e+06 4.73177e+06 4.17697e+06 
7.37903e+06 7.71359e+06 7.28619e+06 6.53391e+06 5.81046e+06 5.19853e+06 4.68715e+06 
7.23543e+06 7.44832e+06 7.78824e+06 7.35961e+06 6.53614e+06 5.75799e+06 5.15472e+06 
7.29833e+06 7.29376e+06 7.50842e+06 7.84646e+06 7.36838e+06 6.47516e+06 5.70902e+06 
7.34952e+06 7.29646e+06 7.29422e+06 7.50685e+06 7.84979e+06 7.31264e+06 6.43081e+06 
7.24856e+06 7.29828e+06 7.25118e+06 7.24168e+06 7.4516e+06 7.80066e+06 7.26647e+06 
7.02935e+06 7.2204e+06 7.27094e+06 7.21214e+06 7.19184e+06 7.40281e+06 7.74674e+06 

7.67236e+06 7.2226e+06 6.46644e+06 5.7969e+06 5.24571e+06 4.76862e+06 4.22305e+06 
7.37202e+06 7.69191e+06 7.2622e+06 6.50047e+06 5.79361e+06 5.22042e+06 4.71493e+06 
7.21733e+06 7.42176e+06 7.75728e+06 7.32566e+06 6.5175e+06 5.78305e+06 5.18201e+06 
7.27199e+06 7.26143e+06 7.47579e+06 7.81806e+06 7.34389e+06 6.50528e+06 5.74012e+06 
7.34004e+06 7.28355e+06 7.27807e+06 7.4915e+06 7.8304e+06 7.33744e+06 6.4588e+06 
7.27313e+06 7.3234e+06 7.272e+06 7.26778e+06 7.47906e+06 7.82217e+06 7.29508e+06 
7.04799e+06 7.24096e+06 7.29152e+06 7.24098e+06 7.22866e+06 7.43875e+06 7.78665e+06 

7.69291e+06 7.25338e+06 6.49143e+06 5.82198e+06 5.26224e+06 4.78419e+06 4.27439e+06 
7.38437e+06 7.71802e+06 7.27337e+06 6.50644e+06 5.79589e+06 5.22754e+06 4.75566e+06 
7.22767e+06 7.43442e+06 7.7572e+06 7.32413e+06 6.51204e+06 5.78778e+06 5.22261e+06 
7.28408e+06 7.27038e+06 7.47652e+06 7.81566e+06 7.3455e+06 6.51467e+06 5.79016e+06 
7.34792e+06 7.29251e+06 7.27857e+06 7.493e+06 7.83773e+06 7.34281e+06 6.51413e+06 
7.30083e+06 7.34981e+06 7.29147e+06 7.28416e+06 7.49741e+06 7.83542e+06 7.34873e+06 
7.10601e+06 7.29879e+06 7.34796e+06 7.29623e+06 7.2904e+06 7.50074e+06 7.84471e+06 

9.254e+06 8.69846e+06 7.72723e+06 6.87892e+06 6.2109e+06 5.64756e+06 5.03087e+06 
8.84621e+06 9.24838e+06 8.67913e+06 7.707e+06 6.85268e+06 6.18052e+06 5.61111e+06 
8.58062e+06 8.83224e+06 9.23134e+06 8.6599e+06 7.67919e+06 6.82177e+06 6.14342e+06 
8.58007e+06 8.57069e+06 8.81962e+06 9.21817e+06 8.64071e+06 7.65799e+06 6.79357e+06 
8.61101e+06 8.54956e+06 8.53583e+06 8.7833e+06 9.18729e+06 8.60925e+06 7.61768e+06 
8.49783e+06 8.55622e+06 8.48825e+06 8.47119e+06 8.72263e+06 9.12863e+06 8.54118e+06 
8.21887e+06 8.44469e+06 8.49939e+06 8.43102e+06 8.41748e+06 8.66966e+06 9.07354e+06 

9.23141e+06 8.679e+06 7.72359e+06 6.88825e+06 6.22452e+06 5.66543e+06 5.05561e+06 
8.83768e+06 9.24205e+06 8.68157e+06 7.72099e+06 6.87776e+06 6.21308e+06 5.64478e+06 
8.5933e+06 8.84471e+06 9.23715e+06 8.67919e+06 7.71562e+06 6.86215e+06 6.18238e+06 
8.59804e+06 8.58513e+06 8.83355e+06 9.23618e+06 8.67104e+06 7.69231e+06 6.82384e+06 
8.63614e+06 8.57641e+06 8.56722e+06 8.81796e+06 9.22151e+06 8.64441e+06 7.64911e+06 
8.53677e+06 8.60023e+06 8.53418e+06 8.51958e+06 8.76862e+06 9.17372e+06 8.59183e+06 
8.25473e+06 8.48448e+06 8.5407e+06 8.47129e+06 8.45216e+06 8.70642e+06 9.11939e+06 

9.23704e+06 8.67189e+06 7.71468e+06 6.88894e+06 6.23996e+06 5.68441e+06 5.07568e+06 
8.82159e+06 9.22523e+06 8.66319e+06 7.71473e+06 6.88367e+06 6.21787e+06 5.65985e+06 
8.56897e+06 8.82008e+06 9.21452e+06 8.66014e+06 7.70552e+06 6.86166e+06 6.19791e+06 
8.57986e+06 8.56617e+06 8.81173e+06 9.20419e+06 8.6546e+06 7.69185e+06 6.83604e+06 
8.63038e+06 8.56546e+06 8.54748e+06 8.79748e+06 9.20818e+06 8.6405e+06 7.65783e+06 
8.55047e+06 8.60586e+06 8.54034e+06 8.53147e+06 8.78584e+06 9.18743e+06 8.61007e+06 
8.27882e+06 8.50768e+06 8.57e+06 8.5038e+06 8.49096e+06 8.74098e+06 9.14785e+06 

8.80783e+06 8.23776e+06 7.28322e+06 6.44978e+06 5.79412e+06 5.24932e+06 4.68389e+06 
8.37252e+06 8.7658e+06 8.19765e+06 7.2422e+06 6.40515e+06 5.75918e+06 5.24023e+06 
8.11159e+06 8.35413e+06 8.74311e+06 8.1751e+06 7.21266e+06 6.39206e+06 5.77588e+06 
8.11873e+06 8.10454e+06 8.34383e+06 8.72617e+06 8.15208e+06 7.20728e+06 6.41938e+06 
8.18927e+06 8.12139e+06 8.10531e+06 8.34219e+06 8.71814e+06 8.15083e+06 7.24496e+06 
8.1423e+06 8.18851e+06 8.12611e+06 8.11545e+06 8.34697e+06 8.71839e+06 8.18448e+06 
7.95897e+06 8.16535e+06 8.2181e+06 8.15908e+06 8.14307e+06 8.37231e+06 8.75121e+06 

8.83068e+06 8.25617e+06 7.29478e+06 6.46557e+06 5.81759e+06 5.27152e+06 4.69562e+06 
8.36846e+06 8.76016e+06 8.18736e+06 7.23719e+06 6.40726e+06 5.75876e+06 5.22928e+06 
8.09093e+06 8.33345e+06 8.72296e+06 8.1575e+06 7.20454e+06 6.37929e+06 5.7511e+06 
8.08984e+06 8.07826e+06 8.31776e+06 8.70233e+06 8.13684e+06 7.1876e+06 6.38701e+06 
8.15545e+06 8.08863e+06 8.07128e+06 8.309e+06 8.68899e+06 8.12138e+06 7.20007e+06 
8.11085e+06 8.15782e+06 8.0902e+06 8.07574e+06 8.311e+06 8.68222e+06 8.13264e+06 
7.90998e+06 8.11552e+06 8.16327e+06 8.10322e+06 8.09373e+06 8.32263e+06 8.69377e+06 

8.84584e+06 8.26769e+06 7.30575e+06 6.4767e+06 5.83168e+06 5.28895e+06 4.70559e+06 
8.38863e+06 8.77759e+06 8.20642e+06 7.25717e+06 6.43012e+06 5.78457e+06 5.24656e+06 
8.09601e+06 8.33796e+06 8.72777e+06 8.16251e+06 7.21293e+06 6.38889e+06 5.75049e+06 
8.08404e+06 8.07475e+06 8.31513e+06 8.69942e+06 8.1347e+06 7.18773e+06 6.37639e+06 
8.14362e+06 8.08044e+06 8.0656e+06 8.3018e+06 8.68296e+06 8.12166e+06 7.18831e+06 
8.10452e+06 8.15483e+06 8.08643e+06 8.06758e+06 8.30444e+06 8.68236e+06 8.12417e+06 
7.90734e+06 8.11487e+06 8.16072e+06 8.09497e+06 8.08287e+06 8.31633e+06 8.68722e+06 

8.96538e+06 8.39116e+06 7.3893e+06 6.5919e+06 5.96548e+06 5.40539e+06 4.79768e+06 
8.52662e+06 8.92999e+06 8.31972e+06 7.40425e+06 6.59867e+06 5.93136e+06 5.36998e+06 
8.22641e+06 8.47328e+06 8.86088e+06 8.31979e+06 7.40093e+06 6.55032e+06 5.8853e+06 
8.22938e+06 8.22275e+06 8.46306e+06 8.84311e+06 8.31232e+06 7.33688e+06 6.48989e+06 
8.26316e+06 8.20609e+06 8.19885e+06 8.43788e+06 8.82865e+06 8.24931e+06 7.27582e+06 
8.16035e+06 8.21823e+06 8.15821e+06 8.14149e+06 8.38223e+06 8.77684e+06 8.19486e+06 
7.92573e+06 8.14324e+06 8.19704e+06 8.12596e+06 8.10578e+06 8.34841e+06 8.73577e+06 

8.9693e+06 8.39477e+06 7.37921e+06 6.55268e+06 5.92915e+06 5.38618e+06 4.78094e+06 
8.52852e+06 8.92093e+06 8.30661e+06 7.35517e+06 6.5546e+06 5.905e+06 5.34579e+06 
8.2179e+06 8.46011e+06 8.84721e+06 8.27556e+06 7.3597e+06 6.52997e+06 5.86534e+06 
8.19629e+06 8.18817e+06 8.42605e+06 8.80698e+06 8.27322e+06 7.32369e+06 6.478e+06 
8.22342e+06 8.16414e+06 8.15339e+06 8.39086e+06 8.77963e+06 8.22262e+06 7.25198e+06 
8.13557e+06 8.19252e+06 8.1287e+06 8.11188e+06 8.3541e+06 8.74846e+06 8.16866e+06 
7.90134e+06 8.11827e+06 8.17035e+06 8.10185e+06 8.08627e+06 8.32958e+06 8.7188e+06 

8.97294e+06 8.3942e+06 7.38599e+06 6.5401e+06 5.8971e+06 5.35808e+06 4.76805e+06 
8.5273e+06 8.91846e+06 8.30918e+06 7.33444e+06 6.51524e+06 5.87264e+06 5.32699e+06 
8.22027e+06 8.46064e+06 8.84074e+06 8.25376e+06 7.31347e+06 6.49406e+06 5.84366e+06 
8.18156e+06 8.17426e+06 8.40818e+06 8.7873e+06 8.23207e+06 7.29358e+06 6.46405e+06 
8.19673e+06 8.1417e+06 8.12895e+06 8.36381e+06 8.75272e+06 8.19997e+06 7.24908e+06 
8.10914e+06 8.16771e+06 8.10145e+06 8.08322e+06 8.32443e+06 8.71563e+06 8.15294e+06 
7.87201e+06 8.08914e+06 8.14086e+06 8.07146e+06 8.05693e+06 8.30025e+06 8.68981e+06 

7.53566e+06 7.0578e+06 6.29707e+06 5.61343e+06 5.05662e+06 4.583e+06 4.07592e+06 
7.19534e+06 7.52674e+06 7.08752e+06 6.30665e+06 5.59496e+06 5.0321e+06 4.56283e+06 
7.00934e+06 7.21759e+06 7.5482e+06 7.09395e+06 6.27857e+06 5.56022e+06 5.0036e+06 
7.02074e+06 7.01298e+06 7.22085e+06 7.54743e+06 7.06417e+06 6.23894e+06 5.52962e+06 
7.04541e+06 6.99662e+06 6.99251e+06 7.19513e+06 7.52258e+06 7.0311e+06 6.21634e+06 
6.97089e+06 7.02014e+06 6.97193e+06 6.959e+06 7.16005e+06 7.49208e+06 7.00818e+06 
6.76721e+06 6.95176e+06 6.99887e+06 6.93905e+06 6.91996e+06 7.12448e+06 7.45401e+06 

7.46151e+06 6.93553e+06 6.15874e+06 5.49272e+06 4.94164e+06 4.46483e+06 3.96217e+06 
7.04935e+06 7.37898e+06 6.91856e+06 6.15794e+06 5.4546e+06 4.88923e+06 4.42417e+06 
6.83169e+06 7.03552e+06 7.36031e+06 6.92049e+06 6.11697e+06 5.39654e+06 4.84498e+06 
6.82793e+06 6.81856e+06 7.02299e+06 7.34656e+06 6.87004e+06 6.04072e+06 5.33908e+06 
6.82562e+06 6.77429e+06 6.77178e+06 6.97328e+06 7.29006e+06 6.78862e+06 5.98246e+06 
6.70531e+06 6.75135e+06 6.7092e+06 6.70462e+06 6.89818e+06 7.21639e+06 6.73319e+06 
6.47741e+06 6.65604e+06 6.70479e+06 6.65663e+06 6.64214e+06 6.83652e+06 7.1547e+06 

7.42275e+06 6.89012e+06 6.05647e+06 5.38649e+06 4.85521e+06 4.37882e+06 3.87433e+06 
6.96426e+06 7.29826e+06 6.78862e+06 6.01866e+06 5.33882e+06 4.77376e+06 4.30681e+06 
6.68092e+06 6.88462e+06 7.20678e+06 6.75101e+06 5.9776e+06 5.25804e+06 4.70482e+06 
6.64745e+06 6.63982e+06 6.83943e+06 7.15754e+06 6.70426e+06 5.87616e+06 5.17391e+06 
6.63618e+06 6.58549e+06 6.58357e+06 6.78317e+06 7.09371e+06 6.58915e+06 5.78116e+06 
6.48076e+06 6.52558e+06 6.48502e+06 6.485e+06 6.67448e+06 6.98137e+06 6.49133e+06 
6.21797e+06 6.39203e+06 6.4398e+06 6.39988e+06 6.39111e+06 6.57753e+06 6.88461e+06 

8.7422e+06 8.18045e+06 7.23336e+06 6.4032e+06 5.75709e+06 5.23188e+06 4.68561e+06 
8.32162e+06 8.711e+06 8.14776e+06 7.19352e+06 6.372e+06 5.74887e+06 5.24638e+06 
8.05343e+06 8.29236e+06 8.67622e+06 8.1099e+06 7.16458e+06 6.3709e+06 5.77124e+06 
8.04622e+06 8.02616e+06 8.26303e+06 8.64296e+06 8.07915e+06 7.1657e+06 6.39609e+06 
8.10074e+06 8.03113e+06 8.01456e+06 8.25056e+06 8.62226e+06 8.07794e+06 7.19569e+06 
8.04062e+06 8.08681e+06 8.02657e+06 8.0175e+06 8.24709e+06 8.61669e+06 8.10378e+06 
7.84823e+06 8.05511e+06 8.11002e+06 8.05136e+06 8.0345e+06 8.26436e+06 8.64271e+06 

8.76927e+06 8.20582e+06 7.25529e+06 6.43066e+06 5.78584e+06 5.25325e+06 4.69942e+06 
8.3281e+06 8.7173e+06 8.14999e+06 7.20307e+06 6.38099e+06 5.74897e+06 5.24049e+06 
8.05554e+06 8.29446e+06 8.67817e+06 8.11722e+06 7.17206e+06 6.36838e+06 5.7624e+06 
8.04565e+06 8.02753e+06 8.26375e+06 8.64698e+06 8.08726e+06 7.16259e+06 6.386e+06 
8.09967e+06 8.02888e+06 8.00753e+06 8.24587e+06 8.62436e+06 8.07226e+06 7.18092e+06 
8.04016e+06 8.08457e+06 8.01732e+06 8.00555e+06 8.24003e+06 8.60853e+06 8.08465e+06 
7.82934e+06 8.0345e+06 8.0848e+06 8.02706e+06 8.0178e+06 8.24644e+06 8.61825e+06 

8.78569e+06 8.21854e+06 7.26973e+06 6.4466e+06 5.80602e+06 5.27002e+06 4.70311e+06 
8.34501e+06 8.7325e+06 8.16929e+06 7.22614e+06 6.40504e+06 5.76745e+06 5.24781e+06 
8.06631e+06 8.30646e+06 8.69295e+06 8.13199e+06 7.18747e+06 6.37706e+06 5.75982e+06 
8.04828e+06 8.03518e+06 8.27222e+06 8.65362e+06 8.09528e+06 7.16394e+06 6.3757e+06 
8.10112e+06 8.0333e+06 8.01196e+06 8.24828e+06 8.63001e+06 8.07756e+06 7.17144e+06 
8.05283e+06 8.09815e+06 8.02818e+06 8.01082e+06 8.24839e+06 8.62304e+06 8.08559e+06 
7.85082e+06 8.05618e+06 8.10338e+06 8.04016e+06 8.03003e+06 8.26199e+06 8.63203e+06 

8.8912e+06 8.31629e+06 7.3769e+06 6.57722e+06 5.96665e+06 5.46028e+06 4.90686e+06 
8.45941e+06 8.85097e+06 8.29772e+06 7.37789e+06 6.59605e+06 5.99249e+06 5.48017e+06 
8.21015e+06 8.45325e+06 8.83714e+06 8.30052e+06 7.40394e+06 6.62659e+06 6.00969e+06 
8.25228e+06 8.23137e+06 8.4713e+06 8.8545e+06 8.33015e+06 7.43509e+06 6.65062e+06 
8.35886e+06 8.28698e+06 8.27034e+06 8.5084e+06 8.8808e+06 8.36738e+06 7.4718e+06 
8.32498e+06 8.37466e+06 8.30938e+06 8.29112e+06 8.52776e+06 8.9152e+06 8.3994e+06 
8.11673e+06 8.3313e+06 8.38288e+06 8.31852e+06 8.30456e+06 8.54919e+06 8.94268e+06 

8.89407e+06 8.31704e+06 7.37845e+06 6.5797e+06 5.96866e+06 5.46445e+06 4.91846e+06 
8.45011e+06 8.85606e+06 8.30198e+06 7.38276e+06 6.59964e+06 5.99926e+06 5.4937e+06 
8.19434e+06 8.4451e+06 8.83171e+06 8.29509e+06 7.39594e+06 6.6239e+06 6.01952e+06 
8.22685e+06 8.20917e+06 8.45148e+06 8.83041e+06 8.30698e+06 7.42117e+06 6.644e+06 
8.31339e+06 8.2489e+06 8.23444e+06 8.4716e+06 8.84832e+06 8.3351e+06 7.44188e+06 
8.28982e+06 8.34237e+06 8.27806e+06 8.26074e+06 8.49508e+06 8.8716e+06 8.36355e+06 
8.09928e+06 8.31481e+06 8.36808e+06 8.29849e+06 8.27494e+06 8.51581e+06 8.90951e+06 

8.90461e+06 8.3198e+06 7.38228e+06 6.59168e+06 5.98288e+06 5.47703e+06 4.93011e+06 
8.45489e+06 8.86003e+06 8.31092e+06 7.40399e+06 6.62037e+06 6.01564e+06 5.5098e+06 
8.18238e+06 8.43254e+06 8.83443e+06 8.30742e+06 7.4076e+06 6.62967e+06 6.02607e+06 
8.2207e+06 8.19387e+06 8.44524e+06 8.82998e+06 8.30851e+06 7.41565e+06 6.63943e+06 
8.30867e+06 8.23632e+06 8.22335e+06 8.46574e+06 8.84376e+06 8.32744e+06 7.43834e+06 
8.27955e+06 8.32842e+06 8.26807e+06 8.25327e+06 8.48993e+06 8.87072e+06 8.35742e+06 
8.09757e+06 8.31117e+06 8.36592e+06 8.2975e+06 8.27744e+06 8.51508e+06 8.8918e+06 

8.86494e+06 8.32006e+06 7.40636e+06 6.60793e+06 5.9718e+06 5.4201e+06 4.82305e+06 
8.47602e+06 8.86349e+06 8.32884e+06 7.41262e+06 6.59962e+06 5.94326e+06 5.38984e+06 
8.23212e+06 8.47408e+06 8.8589e+06 8.32524e+06 7.39764e+06 6.55743e+06 5.8991e+06 
8.23806e+06 8.22482e+06 8.46602e+06 8.85799e+06 8.31852e+06 7.35512e+06 6.51398e+06 
8.30293e+06 8.23904e+06 8.22624e+06 8.47144e+06 8.86719e+06 8.29592e+06 7.3297e+06 
8.2526e+06 8.30813e+06 8.24042e+06 8.22417e+06 8.46826e+06 8.85918e+06 8.28539e+06 
8.0422e+06 8.25946e+06 8.30985e+06 8.23944e+06 8.22282e+06 8.46538e+06 8.85061e+06 

8.86504e+06 8.31073e+06 7.38754e+06 6.59498e+06 5.95957e+06 5.40832e+06 4.81588e+06 
8.47632e+06 8.86343e+06 8.31828e+06 7.409e+06 6.59723e+06 5.94061e+06 5.39353e+06 
8.22911e+06 8.46874e+06 8.85288e+06 8.32439e+06 7.39725e+06 6.55953e+06 5.9088e+06 
8.22784e+06 8.21143e+06 8.45158e+06 8.842e+06 8.30511e+06 7.34512e+06 6.51094e+06 
8.28952e+06 8.22285e+06 8.20783e+06 8.45388e+06 8.85128e+06 8.28102e+06 7.324e+06 
8.23817e+06 8.29133e+06 8.22513e+06 8.21175e+06 8.45691e+06 8.84951e+06 8.28223e+06 
8.03748e+06 8.25474e+06 8.3081e+06 8.23912e+06 8.22256e+06 8.46489e+06 8.85022e+06 

8.87853e+06 8.31766e+06 7.38352e+06 6.58593e+06 5.9519e+06 5.40365e+06 4.81308e+06 
8.48535e+06 8.86934e+06 8.31572e+06 7.39999e+06 6.59036e+06 5.93695e+06 5.39211e+06 
8.2382e+06 8.47563e+06 8.85873e+06 8.32471e+06 7.39967e+06 6.56601e+06 5.91637e+06 
8.23922e+06 8.22139e+06 8.46006e+06 8.85122e+06 8.31503e+06 7.35908e+06 6.52782e+06 
8.2933e+06 8.22386e+06 8.20638e+06 8.45238e+06 8.84835e+06 8.28254e+06 7.3305e+06 
8.22657e+06 8.27812e+06 8.21059e+06 8.1972e+06 8.443e+06 8.83752e+06 8.27355e+06 
8.01564e+06 8.23213e+06 8.285e+06 8.21884e+06 8.20486e+06 8.44812e+06 8.83579e+06 

7.97345e+06 7.53217e+06 6.74608e+06 6.00886e+06 5.38534e+06 4.83712e+06 4.27831e+06 
7.67403e+06 8.03033e+06 7.57859e+06 6.73817e+06 5.94223e+06 5.29704e+06 4.78119e+06 
7.51978e+06 7.74512e+06 8.09771e+06 7.61013e+06 6.70251e+06 5.8829e+06 5.27412e+06 
7.60307e+06 7.60145e+06 7.82256e+06 8.18182e+06 7.64165e+06 6.69557e+06 5.92302e+06 
7.65605e+06 7.60094e+06 7.59267e+06 7.8141e+06 8.17044e+06 7.58959e+06 6.69745e+06 
7.52061e+06 7.56954e+06 7.51088e+06 7.4966e+06 7.711e+06 8.05844e+06 7.52106e+06 
7.25512e+06 7.44675e+06 7.4915e+06 7.43281e+06 7.41392e+06 7.62642e+06 7.97858e+06 

7.99037e+06 7.55001e+06 6.77023e+06 6.05658e+06 5.45681e+06 4.91598e+06 4.34337e+06 
7.70314e+06 8.05651e+06 7.61274e+06 6.80084e+06 6.02922e+06 5.38773e+06 4.86001e+06 
7.557e+06 7.78249e+06 8.13937e+06 7.67144e+06 6.79204e+06 5.97673e+06 5.3552e+06 
7.62344e+06 7.62116e+06 7.84518e+06 8.20231e+06 7.6881e+06 6.75104e+06 5.96108e+06 
7.70693e+06 7.65171e+06 7.64451e+06 7.86738e+06 8.22826e+06 7.66013e+06 6.74799e+06 
7.62566e+06 7.67556e+06 7.61766e+06 7.60455e+06 7.82407e+06 8.17974e+06 7.62784e+06 
7.37884e+06 7.57445e+06 7.62131e+06 7.56051e+06 7.54148e+06 7.75765e+06 8.11281e+06 

8.02051e+06 7.57414e+06 6.79048e+06 6.08926e+06 5.51415e+06 4.99099e+06 4.41318e+06 
7.73697e+06 8.08283e+06 7.63968e+06 6.84246e+06 6.0976e+06 5.47267e+06 4.94063e+06 
7.58496e+06 7.80788e+06 8.16578e+06 7.70773e+06 6.85857e+06 6.0614e+06 5.43254e+06 
7.64208e+06 7.63782e+06 7.86222e+06 8.21948e+06 7.72828e+06 6.8141e+06 6.0176e+06 
7.73049e+06 7.67129e+06 7.66083e+06 7.88382e+06 8.24465e+06 7.70334e+06 6.78567e+06 
7.69002e+06 7.73868e+06 7.67739e+06 7.66177e+06 7.8864e+06 8.25126e+06 7.69618e+06 
7.46837e+06 7.66608e+06 7.71129e+06 7.65004e+06 7.63436e+06 7.85704e+06 8.21674e+06 

8.16224e+06 7.72764e+06 6.9032e+06 6.19796e+06 5.66198e+06 5.20016e+06 4.67397e+06 
7.898e+06 8.25307e+06 7.77545e+06 6.96269e+06 6.27278e+06 5.71867e+06 5.23243e+06 
7.73846e+06 7.9621e+06 8.30536e+06 7.83749e+06 7.04838e+06 6.33513e+06 5.74979e+06 
7.80963e+06 7.79525e+06 8.01118e+06 8.36466e+06 7.92217e+06 7.10738e+06 6.35748e+06 
7.93039e+06 7.86832e+06 7.84389e+06 8.0673e+06 8.4354e+06 7.97754e+06 7.11958e+06 
7.93845e+06 7.98881e+06 7.91299e+06 7.88777e+06 8.12205e+06 8.49689e+06 8.00852e+06 
7.75547e+06 7.96284e+06 8.00714e+06 7.93638e+06 7.9208e+06 8.16131e+06 8.54661e+06 

8.20047e+06 7.81995e+06 6.98405e+06 6.2477e+06 5.71698e+06 5.26819e+06 4.73466e+06 
7.98808e+06 8.34731e+06 7.8768e+06 7.02685e+06 6.34059e+06 5.79759e+06 5.30245e+06 
7.82029e+06 8.05084e+06 8.41189e+06 7.91086e+06 7.1234e+06 6.4207e+06 5.82568e+06 
7.89998e+06 7.88407e+06 8.10978e+06 8.45955e+06 8.01348e+06 7.21302e+06 6.45186e+06 
8.02917e+06 7.97088e+06 7.95856e+06 8.17909e+06 8.53922e+06 8.09817e+06 7.2289e+06 
8.02413e+06 8.07997e+06 8.01654e+06 7.9935e+06 8.22402e+06 8.60474e+06 8.10864e+06 
7.83435e+06 8.04658e+06 8.09764e+06 8.02388e+06 8.00268e+06 8.24441e+06 8.63215e+06 

8.20435e+06 7.84316e+06 7.07384e+06 6.30721e+06 5.74455e+06 5.30547e+06 4.78088e+06 
8.03342e+06 8.37685e+06 7.97308e+06 7.09032e+06 6.37111e+06 5.83758e+06 5.34995e+06 
7.91654e+06 8.14188e+06 8.51537e+06 8.00211e+06 7.17229e+06 6.47967e+06 5.8909e+06 
7.98253e+06 7.95076e+06 8.1868e+06 8.55552e+06 8.07125e+06 7.28387e+06 6.52413e+06 
8.1171e+06 8.04466e+06 8.03084e+06 8.26224e+06 8.62057e+06 8.18426e+06 7.31869e+06 
8.12236e+06 8.17306e+06 8.11438e+06 8.10908e+06 8.3385e+06 8.71003e+06 8.22034e+06 
7.90984e+06 8.12308e+06 8.18215e+06 8.12512e+06 8.10815e+06 8.3424e+06 8.73287e+06 

9.153e+06 8.56849e+06 7.56889e+06 6.75995e+06 6.11684e+06 5.53134e+06 4.90014e+06 
8.69934e+06 9.11224e+06 8.5088e+06 7.58168e+06 6.75229e+06 6.05536e+06 5.47434e+06 
8.41543e+06 8.67073e+06 9.06791e+06 8.52258e+06 7.57733e+06 6.69176e+06 6.00492e+06 
8.43829e+06 8.43497e+06 8.68111e+06 9.07036e+06 8.52496e+06 7.50854e+06 6.63514e+06 
8.49148e+06 8.43128e+06 8.42302e+06 8.66844e+06 9.06396e+06 8.45354e+06 7.44669e+06 
8.36817e+06 8.42427e+06 8.36435e+06 8.35458e+06 8.59757e+06 8.99229e+06 8.38797e+06 
8.09163e+06 8.31195e+06 8.36872e+06 8.30772e+06 8.28954e+06 8.53183e+06 8.93128e+06 

9.16598e+06 8.56655e+06 7.5812e+06 6.76296e+06 6.1343e+06 5.56442e+06 4.92858e+06 
8.69348e+06 9.09542e+06 8.512e+06 7.57162e+06 6.76055e+06 6.07871e+06 5.49081e+06 
8.41796e+06 8.67029e+06 9.06968e+06 8.5121e+06 7.58832e+06 6.71758e+06 6.02051e+06 
8.43612e+06 8.42954e+06 8.67686e+06 9.06932e+06 8.53822e+06 7.54155e+06 6.6559e+06 
8.50671e+06 8.445e+06 8.43731e+06 8.68452e+06 9.08065e+06 8.48953e+06 7.47058e+06 
8.39774e+06 8.4558e+06 8.39367e+06 8.38489e+06 8.63078e+06 9.02729e+06 8.41361e+06 
8.10644e+06 8.32864e+06 8.38434e+06 8.32521e+06 8.31249e+06 8.5554e+06 8.95349e+06 

9.22833e+06 8.6001e+06 7.59697e+06 6.78638e+06 6.15377e+06 5.59817e+06 4.97438e+06 
8.71487e+06 9.11494e+06 8.51196e+06 7.58121e+06 6.76931e+06 6.10359e+06 5.52599e+06 
8.42467e+06 8.67181e+06 9.0645e+06 8.52034e+06 7.59326e+06 6.74213e+06 6.05461e+06 
8.44938e+06 8.43871e+06 8.68466e+06 9.07946e+06 8.54471e+06 7.57217e+06 6.69521e+06 
8.51912e+06 8.45646e+06 8.44543e+06 8.694e+06 9.09416e+06 8.5212e+06 7.51421e+06 
8.43082e+06 8.48954e+06 8.42378e+06 8.41462e+06 8.66377e+06 9.05936e+06 8.45697e+06 
8.14195e+06 8.36627e+06 8.42197e+06 8.36161e+06 8.35382e+06 8.59794e+06 8.99516e+06 

8.91637e+06 8.32687e+06 7.37154e+06 6.5258e+06 5.85662e+06 5.30799e+06 4.72945e+06 
8.4672e+06 8.85636e+06 8.28798e+06 7.31767e+06 6.46751e+06 5.8167e+06 5.28394e+06 
8.18551e+06 8.42585e+06 8.80334e+06 8.22414e+06 7.24477e+06 6.41956e+06 5.7856e+06 
8.1362e+06 8.13113e+06 8.36427e+06 8.74082e+06 8.15474e+06 7.20694e+06 6.3977e+06 
8.13299e+06 8.0804e+06 8.06597e+06 8.29798e+06 8.68506e+06 8.11974e+06 7.19153e+06 
8.04699e+06 8.10342e+06 8.03767e+06 8.01853e+06 8.25694e+06 8.64277e+06 8.09416e+06 
7.80623e+06 8.02016e+06 8.07169e+06 8.00228e+06 7.9878e+06 8.22771e+06 8.60958e+06 

8.94218e+06 8.32904e+06 7.38745e+06 6.55763e+06 5.87477e+06 5.31309e+06 4.72709e+06 
8.47252e+06 8.86327e+06 8.30301e+06 7.35566e+06 6.48836e+06 5.8238e+06 5.28319e+06 
8.2038e+06 8.44463e+06 8.82477e+06 8.26944e+06 7.27155e+06 6.42773e+06 5.78499e+06 
8.16951e+06 8.16428e+06 8.40207e+06 8.78294e+06 8.18071e+06 7.20882e+06 6.39176e+06 
8.14962e+06 8.09602e+06 8.08672e+06 8.31994e+06 8.7028e+06 8.11974e+06 7.18256e+06 
8.04401e+06 8.1008e+06 8.04096e+06 8.02308e+06 8.25823e+06 8.64514e+06 8.08823e+06 
7.78984e+06 8.00354e+06 8.05641e+06 7.98802e+06 7.97146e+06 8.21067e+06 8.59252e+06 

8.97132e+06 8.35488e+06 7.40693e+06 6.59305e+06 5.91222e+06 5.33768e+06 4.73897e+06 
8.49526e+06 8.89087e+06 8.32273e+06 7.39516e+06 6.52835e+06 5.84877e+06 5.29667e+06 
8.22579e+06 8.46884e+06 8.85241e+06 8.31437e+06 7.32001e+06 6.45696e+06 5.80192e+06 
8.20964e+06 8.20391e+06 8.44492e+06 8.82917e+06 8.23165e+06 7.23691e+06 6.4053e+06 
8.19297e+06 8.13602e+06 8.13012e+06 8.36655e+06 8.74854e+06 8.14842e+06 7.19322e+06 
8.06724e+06 8.12309e+06 8.06863e+06 8.05477e+06 8.28853e+06 8.67554e+06 8.10457e+06 
7.81034e+06 8.02468e+06 8.08036e+06 8.01453e+06 7.99642e+06 8.23455e+06 8.61885e+06 

8.83568e+06 8.29469e+06 7.36207e+06 6.54932e+06 5.91521e+06 5.38185e+06 4.79397e+06 
8.41847e+06 8.80343e+06 8.25623e+06 7.32275e+06 6.5137e+06 5.87746e+06 5.33171e+06 
8.15684e+06 8.3973e+06 8.77864e+06 8.22946e+06 7.30257e+06 6.48769e+06 5.83714e+06 
8.16859e+06 8.15789e+06 8.39686e+06 8.78027e+06 8.23429e+06 7.3011e+06 6.47091e+06 
8.22538e+06 8.16687e+06 8.15692e+06 8.39512e+06 8.77886e+06 8.22832e+06 7.27526e+06 
8.1682e+06 8.22587e+06 8.16168e+06 8.14921e+06 8.38707e+06 8.76707e+06 8.20218e+06 
7.94191e+06 8.15789e+06 8.21007e+06 8.14693e+06 8.13538e+06 8.37201e+06 8.75482e+06 

8.83673e+06 8.28293e+06 7.35813e+06 6.55046e+06 5.91734e+06 5.38256e+06 4.79104e+06 
8.42057e+06 8.80152e+06 8.26085e+06 7.33394e+06 6.52564e+06 5.88575e+06 5.33866e+06 
8.1565e+06 8.39454e+06 8.77753e+06 8.2333e+06 7.30651e+06 6.48951e+06 5.83839e+06 
8.1605e+06 8.14676e+06 8.38633e+06 8.76949e+06 8.22577e+06 7.29199e+06 6.4581e+06 
8.2183e+06 8.15681e+06 8.14652e+06 8.38653e+06 8.77401e+06 8.22275e+06 7.26598e+06 
8.15971e+06 8.21573e+06 8.15472e+06 8.14567e+06 8.38565e+06 8.76904e+06 8.20006e+06 
7.94379e+06 8.16106e+06 8.21718e+06 8.15345e+06 8.14127e+06 8.37819e+06 8.75908e+06 

8.85384e+06 8.28401e+06 7.34641e+06 6.54251e+06 5.91091e+06 5.37456e+06 4.78455e+06 
8.43386e+06 8.81272e+06 8.2583e+06 7.33513e+06 6.52945e+06 5.88778e+06 5.34344e+06 
8.16404e+06 8.39897e+06 8.77783e+06 8.23575e+06 7.31216e+06 6.49458e+06 5.84554e+06 
8.15632e+06 8.14145e+06 8.3776e+06 8.75982e+06 8.22033e+06 7.28538e+06 6.45444e+06 
8.21064e+06 8.14728e+06 8.1338e+06 8.37397e+06 8.76397e+06 8.21287e+06 7.26148e+06 
8.1494e+06 8.20396e+06 8.14141e+06 8.13112e+06 8.37362e+06 8.76305e+06 8.19772e+06 
7.9273e+06 8.14485e+06 8.20103e+06 8.1365e+06 8.12529e+06 8.36541e+06 8.74831e+06 

9.07956e+06 8.514e+06 7.51746e+06 6.64025e+06 5.96963e+06 5.42231e+06 4.83046e+06 
8.63998e+06 9.03995e+06 8.45207e+06 7.44393e+06 6.59027e+06 5.93948e+06 5.38964e+06 
8.32357e+06 8.57225e+06 8.97541e+06 8.37109e+06 7.39073e+06 6.55576e+06 5.90051e+06 
8.26978e+06 8.25494e+06 8.50448e+06 8.89972e+06 8.30838e+06 7.3483e+06 6.51515e+06 
8.28505e+06 8.2218e+06 8.21593e+06 8.45774e+06 8.83866e+06 8.27028e+06 7.31482e+06 
8.19398e+06 8.25022e+06 8.19245e+06 8.18013e+06 8.41608e+06 8.80258e+06 8.23592e+06 
7.93743e+06 8.15368e+06 8.20787e+06 8.14415e+06 8.12742e+06 8.36636e+06 8.75165e+06 

9.10101e+06 8.51838e+06 7.5258e+06 6.65603e+06 5.98272e+06 5.43093e+06 4.8385e+06 
8.65005e+06 9.04692e+06 8.4586e+06 7.45991e+06 6.60314e+06 5.94746e+06 5.39889e+06 
8.34182e+06 8.58783e+06 8.98661e+06 8.39176e+06 7.40782e+06 6.56873e+06 5.91436e+06 
8.28736e+06 8.27238e+06 8.51921e+06 8.9177e+06 8.32661e+06 7.3617e+06 6.52905e+06 
8.29889e+06 8.23231e+06 8.21961e+06 8.4639e+06 8.84987e+06 8.27696e+06 7.32184e+06 
8.20671e+06 8.25978e+06 8.19586e+06 8.18406e+06 8.42369e+06 8.81026e+06 8.24426e+06 
7.94648e+06 8.16172e+06 8.21401e+06 8.15411e+06 8.14114e+06 8.38069e+06 8.76836e+06 

9.14061e+06 8.55536e+06 7.54877e+06 6.68574e+06 6.01417e+06 5.4554e+06 4.85842e+06 
8.67197e+06 9.07562e+06 8.47407e+06 7.48421e+06 6.62678e+06 5.96303e+06 5.41107e+06 
8.35383e+06 8.60303e+06 9.00392e+06 8.41475e+06 7.43053e+06 6.58255e+06 5.92596e+06 
8.30584e+06 8.29368e+06 8.54144e+06 8.93957e+06 8.35217e+06 7.37711e+06 6.54178e+06 
8.31465e+06 8.24979e+06 8.23574e+06 8.48042e+06 8.87116e+06 8.29101e+06 7.3313e+06 
8.21837e+06 8.27137e+06 8.20425e+06 8.18897e+06 8.43116e+06 8.81782e+06 8.24613e+06 
7.95895e+06 8.17351e+06 8.22323e+06 8.16072e+06 8.14954e+06 8.38883e+06 8.77218e+06 
Matches:
match: 0.0346837s
